{
"meta":{"launch_mode":"Train","name":"experiment","iteration_count":1000,"learn_metrics":[{"best_value":"Max","name":"MultiClass"}],"test_sets":[],"test_metrics":[],"learn_sets":["learn"]},
"iterations":[
{"learn":[-1.882709225],"iteration":0,"passed_time":0.2641351201,"remaining_time":263.870985},
{"learn":[-1.824205437],"iteration":1,"passed_time":0.3541245126,"remaining_time":176.7081318},
{"learn":[-1.773156901],"iteration":2,"passed_time":0.4422218427,"remaining_time":146.9650591},
{"learn":[-1.722331375],"iteration":3,"passed_time":0.5483742155,"remaining_time":136.5451796},
{"learn":[-1.675770259],"iteration":4,"passed_time":0.6531882195,"remaining_time":129.9844557},
{"learn":[-1.632778852],"iteration":5,"passed_time":0.752123206,"remaining_time":124.6017445},
{"learn":[-1.598492807],"iteration":6,"passed_time":0.8435731096,"remaining_time":119.6668711},
{"learn":[-1.559445033],"iteration":7,"passed_time":0.9484894711,"remaining_time":117.6126944},
{"learn":[-1.52903928],"iteration":8,"passed_time":1.032926397,"remaining_time":113.7366733},
{"learn":[-1.495833498],"iteration":9,"passed_time":1.119351284,"remaining_time":110.8157771},
{"learn":[-1.463881666],"iteration":10,"passed_time":1.20709734,"remaining_time":108.5290245},
{"learn":[-1.439123392],"iteration":11,"passed_time":1.286849139,"remaining_time":105.9505791},
{"learn":[-1.408283805],"iteration":12,"passed_time":1.370010806,"remaining_time":104.0154358},
{"learn":[-1.3815784],"iteration":13,"passed_time":1.450656462,"remaining_time":102.1676622},
{"learn":[-1.357309716],"iteration":14,"passed_time":1.54745201,"remaining_time":101.6160153},
{"learn":[-1.331393495],"iteration":15,"passed_time":1.690224419,"remaining_time":103.9488017},
{"learn":[-1.309567379],"iteration":16,"passed_time":1.803930106,"remaining_time":104.3096055},
{"learn":[-1.286223386],"iteration":17,"passed_time":1.897311204,"remaining_time":103.5088668},
{"learn":[-1.267079866],"iteration":18,"passed_time":1.981890701,"remaining_time":102.3281462},
{"learn":[-1.248539239],"iteration":19,"passed_time":2.06799684,"remaining_time":101.3318452},
{"learn":[-1.230272009],"iteration":20,"passed_time":2.152987933,"remaining_time":100.370247},
{"learn":[-1.210557837],"iteration":21,"passed_time":2.253151917,"remaining_time":100.1628443},
{"learn":[-1.194747279],"iteration":22,"passed_time":2.363308726,"remaining_time":100.3892446},
{"learn":[-1.180138408],"iteration":23,"passed_time":2.468478883,"remaining_time":100.3848079},
{"learn":[-1.165701337],"iteration":24,"passed_time":2.562249523,"remaining_time":99.92773138},
{"learn":[-1.152502274],"iteration":25,"passed_time":2.646123532,"remaining_time":99.12785847},
{"learn":[-1.137839459],"iteration":26,"passed_time":2.728352221,"remaining_time":98.32173005},
{"learn":[-1.124905288],"iteration":27,"passed_time":2.8087601,"remaining_time":97.50410062},
{"learn":[-1.110876087],"iteration":28,"passed_time":2.902781837,"remaining_time":97.19314359},
{"learn":[-1.097958981],"iteration":29,"passed_time":2.984573401,"remaining_time":96.50120665},
{"learn":[-1.086994911],"iteration":30,"passed_time":3.074738827,"remaining_time":96.11038464},
{"learn":[-1.071342722],"iteration":31,"passed_time":3.164964288,"remaining_time":95.74016972},
{"learn":[-1.061705241],"iteration":32,"passed_time":3.248495571,"remaining_time":95.19076416},
{"learn":[-1.048497697],"iteration":33,"passed_time":3.334165523,"remaining_time":94.72952634},
{"learn":[-1.035800635],"iteration":34,"passed_time":3.426537166,"remaining_time":94.47452472},
{"learn":[-1.023945702],"iteration":35,"passed_time":3.514357908,"remaining_time":94.10669509},
{"learn":[-1.012097388],"iteration":36,"passed_time":3.598357935,"remaining_time":93.65455921},
{"learn":[-1.000580524],"iteration":37,"passed_time":3.682282,"remaining_time":93.2198759},
{"learn":[-0.9918923213],"iteration":38,"passed_time":3.776117315,"remaining_time":93.04740358},
{"learn":[-0.9842970889],"iteration":39,"passed_time":3.867535358,"remaining_time":92.82084859},
{"learn":[-0.9743357247],"iteration":40,"passed_time":3.956159267,"remaining_time":92.53553018},
{"learn":[-0.9662704855],"iteration":41,"passed_time":4.039100095,"remaining_time":92.1299498},
{"learn":[-0.9581598075],"iteration":42,"passed_time":4.121017048,"remaining_time":91.71658872},
{"learn":[-0.9506334224],"iteration":43,"passed_time":4.204629374,"remaining_time":91.35512912},
{"learn":[-0.9424734681],"iteration":44,"passed_time":4.289209305,"remaining_time":91.02655304},
{"learn":[-0.934923318],"iteration":45,"passed_time":4.378272431,"remaining_time":90.80156302},
{"learn":[-0.9278901361],"iteration":46,"passed_time":4.460884936,"remaining_time":90.45156052},
{"learn":[-0.9196925537],"iteration":47,"passed_time":4.545399815,"remaining_time":90.15042967},
{"learn":[-0.9098542102],"iteration":48,"passed_time":4.632756283,"remaining_time":89.91329032},
{"learn":[-0.9045132393],"iteration":49,"passed_time":4.712708648,"remaining_time":89.5414643},
{"learn":[-0.8972536979],"iteration":50,"passed_time":4.800730817,"remaining_time":89.33124598},
{"learn":[-0.8906241206],"iteration":51,"passed_time":4.885745414,"remaining_time":89.07089716},
{"learn":[-0.8836777284],"iteration":52,"passed_time":4.973003102,"remaining_time":88.8572441},
{"learn":[-0.8776381527],"iteration":53,"passed_time":5.053145778,"remaining_time":88.52362789},
{"learn":[-0.8721279287],"iteration":54,"passed_time":5.137154392,"remaining_time":88.26565274},
{"learn":[-0.8640611803],"iteration":55,"passed_time":5.224327696,"remaining_time":88.06723831},
{"learn":[-0.8588684135],"iteration":56,"passed_time":5.3091263,"remaining_time":87.83344037},
{"learn":[-0.8519036444],"iteration":57,"passed_time":5.391664914,"remaining_time":87.56807498},
{"learn":[-0.8479263311],"iteration":58,"passed_time":5.482561978,"remaining_time":87.44221732},
{"learn":[-0.842660929],"iteration":59,"passed_time":5.570013787,"remaining_time":87.26354933},
{"learn":[-0.8361890659],"iteration":60,"passed_time":5.660221629,"remaining_time":87.13029688},
{"learn":[-0.8315363772],"iteration":61,"passed_time":5.744255385,"remaining_time":86.90502501},
{"learn":[-0.8270275276],"iteration":62,"passed_time":5.82510423,"remaining_time":86.63686767},
{"learn":[-0.8213184456],"iteration":63,"passed_time":5.909526393,"remaining_time":86.42682349},
{"learn":[-0.8146151289],"iteration":64,"passed_time":5.994001798,"remaining_time":86.22141048},
{"learn":[-0.8097529668],"iteration":65,"passed_time":6.076951614,"remaining_time":85.99807285},
{"learn":[-0.8051585402],"iteration":66,"passed_time":6.159443309,"remaining_time":85.77254638},
{"learn":[-0.8009011755],"iteration":67,"passed_time":6.244389146,"remaining_time":85.584863},
{"learn":[-0.7959743739],"iteration":68,"passed_time":6.333907286,"remaining_time":85.46185048},
{"learn":[-0.7904407951],"iteration":69,"passed_time":6.416778519,"remaining_time":85.25148604},
{"learn":[-0.7869468995],"iteration":70,"passed_time":6.510010921,"remaining_time":85.18028374},
{"learn":[-0.7822284681],"iteration":71,"passed_time":6.600768749,"remaining_time":85.07657498},
{"learn":[-0.7778580008],"iteration":72,"passed_time":6.696025282,"remaining_time":85.03034844},
{"learn":[-0.7725873685],"iteration":73,"passed_time":6.791422542,"remaining_time":84.98455776},
{"learn":[-0.7660659586],"iteration":74,"passed_time":6.8997646,"remaining_time":85.09709673},
{"learn":[-0.759538913],"iteration":75,"passed_time":7.008272521,"remaining_time":85.2058396},
{"learn":[-0.7558669647],"iteration":76,"passed_time":7.091557191,"remaining_time":85.00658814},
{"learn":[-0.7516602173],"iteration":77,"passed_time":7.179933739,"remaining_time":84.87049881},
{"learn":[-0.7472698622],"iteration":78,"passed_time":7.273255746,"remaining_time":84.79327268},
{"learn":[-0.7432062268],"iteration":79,"passed_time":7.358043127,"remaining_time":84.61749596},
{"learn":[-0.7397391421],"iteration":80,"passed_time":7.459130556,"remaining_time":84.628901},
{"learn":[-0.7367804066],"iteration":81,"passed_time":7.546973752,"remaining_time":84.48929152},
{"learn":[-0.7332347028],"iteration":82,"passed_time":7.639777961,"remaining_time":84.40573964},
{"learn":[-0.7288365086],"iteration":83,"passed_time":7.726702622,"remaining_time":84.2578524},
{"learn":[-0.7229911782],"iteration":84,"passed_time":7.812362918,"remaining_time":84.09778906},
{"learn":[-0.7180763689],"iteration":85,"passed_time":7.900080148,"remaining_time":83.96131692},
{"learn":[-0.7138173851],"iteration":86,"passed_time":7.988614588,"remaining_time":83.83454159},
{"learn":[-0.7111606264],"iteration":87,"passed_time":8.07702248,"remaining_time":83.70732389},
{"learn":[-0.7068015692],"iteration":88,"passed_time":8.180702875,"remaining_time":83.73730696},
{"learn":[-0.7034737688],"iteration":89,"passed_time":8.268993506,"remaining_time":83.60871212},
{"learn":[-0.7005667305],"iteration":90,"passed_time":8.360996094,"remaining_time":83.51808186},
{"learn":[-0.6949504186],"iteration":91,"passed_time":8.47126933,"remaining_time":83.60774513},
{"learn":[-0.6922029212],"iteration":92,"passed_time":8.556381877,"remaining_time":83.44772432},
{"learn":[-0.6894153126],"iteration":93,"passed_time":8.645018041,"remaining_time":83.32325899},
{"learn":[-0.6851160752],"iteration":94,"passed_time":8.724785214,"remaining_time":83.11505915},
{"learn":[-0.6803497877],"iteration":95,"passed_time":8.817182502,"remaining_time":83.02846856},
{"learn":[-0.6753230445],"iteration":96,"passed_time":8.908018517,"remaining_time":82.92722392},
{"learn":[-0.6721679088],"iteration":97,"passed_time":8.996417467,"remaining_time":82.80376077},
{"learn":[-0.6692944863],"iteration":98,"passed_time":9.07721049,"remaining_time":82.61178436},
{"learn":[-0.6670951318],"iteration":99,"passed_time":9.161716302,"remaining_time":82.45544672},
{"learn":[-0.6632431761],"iteration":100,"passed_time":9.24153521,"remaining_time":82.2588134},
{"learn":[-0.6594101358],"iteration":101,"passed_time":9.329993849,"remaining_time":82.14053408},
{"learn":[-0.6570632635],"iteration":102,"passed_time":9.413324097,"remaining_time":81.97817199},
{"learn":[-0.6548313659],"iteration":103,"passed_time":9.491434119,"remaining_time":81.77235548},
{"learn":[-0.6517470195],"iteration":104,"passed_time":9.578072884,"remaining_time":81.64166887},
{"learn":[-0.6488600113],"iteration":105,"passed_time":9.665752158,"remaining_time":81.52058896},
{"learn":[-0.6458233472],"iteration":106,"passed_time":9.756412181,"remaining_time":81.42501008},
{"learn":[-0.6414673634],"iteration":107,"passed_time":9.845883695,"remaining_time":81.31970607},
{"learn":[-0.6382456806],"iteration":108,"passed_time":9.934909046,"remaining_time":81.21104551},
{"learn":[-0.6363066552],"iteration":109,"passed_time":10.07708745,"remaining_time":81.53279848},
{"learn":[-0.6318791249],"iteration":110,"passed_time":10.16613462,"remaining_time":81.42066375},
{"learn":[-0.6298966157],"iteration":111,"passed_time":10.25712622,"remaining_time":81.32435792},
{"learn":[-0.6265751395],"iteration":112,"passed_time":10.34284615,"remaining_time":81.1867658},
{"learn":[-0.6235535783],"iteration":113,"passed_time":10.42662668,"remaining_time":81.03501088},
{"learn":[-0.6216890619],"iteration":114,"passed_time":10.50465257,"remaining_time":80.84015237},
{"learn":[-0.6194708934],"iteration":115,"passed_time":10.59597657,"remaining_time":80.748649},
{"learn":[-0.6177758347],"iteration":116,"passed_time":10.67713102,"remaining_time":80.58039904},
{"learn":[-0.615989783],"iteration":117,"passed_time":10.76683189,"remaining_time":80.47750614},
{"learn":[-0.6141540171],"iteration":118,"passed_time":10.85381734,"remaining_time":80.3547317},
{"learn":[-0.6116246122],"iteration":119,"passed_time":10.93955612,"remaining_time":80.22341158},
{"learn":[-0.6087635613],"iteration":120,"passed_time":11.02529155,"remaining_time":80.09282042},
{"learn":[-0.6052886551],"iteration":121,"passed_time":11.10855802,"remaining_time":79.94519627},
{"learn":[-0.6023476615],"iteration":122,"passed_time":11.1967485,"remaining_time":79.8337271},
{"learn":[-0.6006572836],"iteration":123,"passed_time":11.29068124,"remaining_time":79.76319976},
{"learn":[-0.599080164],"iteration":124,"passed_time":11.36857621,"remaining_time":79.58003348},
{"learn":[-0.59534696],"iteration":125,"passed_time":11.45899544,"remaining_time":79.48541284},
{"learn":[-0.5911887751],"iteration":126,"passed_time":11.5489725,"remaining_time":79.38781885},
{"learn":[-0.5891295093],"iteration":127,"passed_time":11.63694473,"remaining_time":79.276686},
{"learn":[-0.5871023393],"iteration":128,"passed_time":11.72042916,"remaining_time":79.13561083},
{"learn":[-0.5838293109],"iteration":129,"passed_time":11.85901373,"remaining_time":79.36416879},
{"learn":[-0.5816655471],"iteration":130,"passed_time":11.9449874,"remaining_time":79.23812253},
{"learn":[-0.5791965009],"iteration":131,"passed_time":12.03020293,"remaining_time":79.10769803},
{"learn":[-0.577438707],"iteration":132,"passed_time":12.11105177,"remaining_time":78.94948785},
{"learn":[-0.5761641967],"iteration":133,"passed_time":12.20123069,"remaining_time":78.85272969},
{"learn":[-0.5736842197],"iteration":134,"passed_time":12.28525181,"remaining_time":78.71661347},
{"learn":[-0.5719011772],"iteration":135,"passed_time":12.36659,"remaining_time":78.56421884},
{"learn":[-0.5703811511],"iteration":136,"passed_time":12.45015749,"remaining_time":78.42690449},
{"learn":[-0.5684669991],"iteration":137,"passed_time":12.53794669,"remaining_time":78.31673944},
{"learn":[-0.5670893769],"iteration":138,"passed_time":12.61827361,"remaining_time":78.16067325},
{"learn":[-0.5656337133],"iteration":139,"passed_time":12.70165813,"remaining_time":78.02447135},
{"learn":[-0.5644179984],"iteration":140,"passed_time":12.78152287,"remaining_time":77.86757552},
{"learn":[-0.5606827578],"iteration":141,"passed_time":12.8695641,"remaining_time":77.76116898},
{"learn":[-0.5592440142],"iteration":142,"passed_time":12.95703512,"remaining_time":77.65160211},
{"learn":[-0.5580314162],"iteration":143,"passed_time":13.04393391,"remaining_time":77.53894045},
{"learn":[-0.556706561],"iteration":144,"passed_time":13.13053106,"remaining_time":77.42485554},
{"learn":[-0.5550402301],"iteration":145,"passed_time":13.21978844,"remaining_time":77.3267077},
{"learn":[-0.5535404789],"iteration":146,"passed_time":13.30897944,"remaining_time":77.22829569},
{"learn":[-0.551690932],"iteration":147,"passed_time":13.39435344,"remaining_time":77.10803464},
{"learn":[-0.54900935],"iteration":148,"passed_time":13.47640673,"remaining_time":76.96927603},
{"learn":[-0.5467503583],"iteration":149,"passed_time":13.5572492,"remaining_time":76.82441214},
{"learn":[-0.5449448015],"iteration":150,"passed_time":13.64011701,"remaining_time":76.69178372},
{"learn":[-0.5430592118],"iteration":151,"passed_time":13.72720044,"remaining_time":76.58332878},
{"learn":[-0.5408869991],"iteration":152,"passed_time":13.81712507,"remaining_time":76.49088195},
{"learn":[-0.5388720594],"iteration":153,"passed_time":13.89724786,"remaining_time":76.34462135},
{"learn":[-0.5364565196],"iteration":154,"passed_time":13.99132485,"remaining_time":76.27528707},
{"learn":[-0.5344934545],"iteration":155,"passed_time":14.12217437,"remaining_time":76.40458439},
{"learn":[-0.5325466516],"iteration":156,"passed_time":14.20761521,"remaining_time":76.28674917},
{"learn":[-0.5311119016],"iteration":157,"passed_time":14.29533049,"remaining_time":76.18144475},
{"learn":[-0.5288539099],"iteration":158,"passed_time":14.39565278,"remaining_time":76.14304396},
{"learn":[-0.5278475432],"iteration":159,"passed_time":14.48464144,"remaining_time":76.04436755},
{"learn":[-0.5253921685],"iteration":160,"passed_time":14.57481145,"remaining_time":75.95196772},
{"learn":[-0.5244923282],"iteration":161,"passed_time":14.66907932,"remaining_time":75.88079305},
{"learn":[-0.5232497051],"iteration":162,"passed_time":14.76094742,"remaining_time":75.79701221},
{"learn":[-0.5209171053],"iteration":163,"passed_time":14.86417203,"remaining_time":75.77102329},
{"learn":[-0.5194811268],"iteration":164,"passed_time":14.95481043,"remaining_time":75.68040432},
{"learn":[-0.518026998],"iteration":165,"passed_time":15.05113684,"remaining_time":75.61836219},
{"learn":[-0.5169528248],"iteration":166,"passed_time":15.13375495,"remaining_time":75.48753217},
{"learn":[-0.5161088643],"iteration":167,"passed_time":15.21800464,"remaining_time":75.36535631},
{"learn":[-0.5138609068],"iteration":168,"passed_time":15.30444497,"remaining_time":75.25440103},
{"learn":[-0.5126810931],"iteration":169,"passed_time":15.39221405,"remaining_time":75.15022156},
{"learn":[-0.5110198404],"iteration":170,"passed_time":15.47870313,"remaining_time":75.04002864},
{"learn":[-0.5088286815],"iteration":171,"passed_time":15.57335363,"remaining_time":74.96940004},
{"learn":[-0.5070507938],"iteration":172,"passed_time":15.65379892,"remaining_time":74.83058791},
{"learn":[-0.5055041772],"iteration":173,"passed_time":15.74401259,"remaining_time":74.73881838},
{"learn":[-0.5038910766],"iteration":174,"passed_time":15.84504203,"remaining_time":74.69805527},
{"learn":[-0.5021039134],"iteration":175,"passed_time":15.92755,"remaining_time":74.56989318},
{"learn":[-0.5011574429],"iteration":176,"passed_time":16.01555568,"remaining_time":74.46780976},
{"learn":[-0.4989579568],"iteration":177,"passed_time":16.09884355,"remaining_time":74.34409773},
{"learn":[-0.4977372755],"iteration":178,"passed_time":16.18855916,"remaining_time":74.25031884},
{"learn":[-0.4965486785],"iteration":179,"passed_time":16.26937442,"remaining_time":74.11603902},
{"learn":[-0.4948355018],"iteration":180,"passed_time":16.34987774,"remaining_time":73.9809385},
{"learn":[-0.4932727173],"iteration":181,"passed_time":16.43831506,"remaining_time":73.88209737},
{"learn":[-0.4919624026],"iteration":182,"passed_time":16.52549448,"remaining_time":73.77775404},
{"learn":[-0.4904047994],"iteration":183,"passed_time":16.60638371,"remaining_time":73.64570169},
{"learn":[-0.4889735083],"iteration":184,"passed_time":16.68954113,"remaining_time":73.5241947},
{"learn":[-0.4868725166],"iteration":185,"passed_time":16.77976811,"remaining_time":73.43403894},
{"learn":[-0.4861462384],"iteration":186,"passed_time":16.85844652,"remaining_time":73.29367392},
{"learn":[-0.4846847747],"iteration":187,"passed_time":16.94432111,"remaining_time":73.18504651},
{"learn":[-0.4826619929],"iteration":188,"passed_time":17.03527652,"remaining_time":73.09846166},
{"learn":[-0.4805327629],"iteration":189,"passed_time":17.12422572,"remaining_time":73.00327806},
{"learn":[-0.4793593944],"iteration":190,"passed_time":17.21095314,"remaining_time":72.89874917},
{"learn":[-0.4785815147],"iteration":191,"passed_time":17.29480043,"remaining_time":72.78228516},
{"learn":[-0.4775404351],"iteration":192,"passed_time":17.38574896,"remaining_time":72.69585185},
{"learn":[-0.476641865],"iteration":193,"passed_time":17.47688868,"remaining_time":72.61016637},
{"learn":[-0.4752448346],"iteration":194,"passed_time":17.56171788,"remaining_time":72.4983738},
{"learn":[-0.4741781334],"iteration":195,"passed_time":17.65078295,"remaining_time":72.40423212},
{"learn":[-0.4729404929],"iteration":196,"passed_time":17.73775047,"remaining_time":72.30159201},
{"learn":[-0.471726311],"iteration":197,"passed_time":17.81905386,"remaining_time":72.17616766},
{"learn":[-0.470745487],"iteration":198,"passed_time":17.92533498,"remaining_time":72.15172524},
{"learn":[-0.4685554539],"iteration":199,"passed_time":18.01205909,"remaining_time":72.04823637},
{"learn":[-0.4677882073],"iteration":200,"passed_time":18.09761076,"remaining_time":71.94025372},
{"learn":[-0.4648038674],"iteration":201,"passed_time":18.20136691,"remaining_time":71.90440989},
{"learn":[-0.4632633812],"iteration":202,"passed_time":18.29151846,"remaining_time":71.81448379},
{"learn":[-0.4623159715],"iteration":203,"passed_time":18.39165458,"remaining_time":71.76351492},
{"learn":[-0.4609632266],"iteration":204,"passed_time":18.52097379,"remaining_time":71.82523981},
{"learn":[-0.459651622],"iteration":205,"passed_time":18.62299914,"remaining_time":71.77990931},
{"learn":[-0.4579338609],"iteration":206,"passed_time":18.74951529,"remaining_time":71.82785325},
{"learn":[-0.4565870275],"iteration":207,"passed_time":18.84636286,"remaining_time":71.7611509},
{"learn":[-0.4551734717],"iteration":208,"passed_time":18.94885105,"remaining_time":71.71550803},
{"learn":[-0.4540982685],"iteration":209,"passed_time":19.07134852,"remaining_time":71.74459683},
{"learn":[-0.4533312654],"iteration":210,"passed_time":19.21569454,"remaining_time":71.85394784},
{"learn":[-0.4519805592],"iteration":211,"passed_time":19.31687644,"remaining_time":71.80046525},
{"learn":[-0.4512263206],"iteration":212,"passed_time":19.41771367,"remaining_time":71.74526131},
{"learn":[-0.4501888334],"iteration":213,"passed_time":19.52065563,"remaining_time":71.69736133},
{"learn":[-0.4490529548],"iteration":214,"passed_time":19.61749247,"remaining_time":71.62665854},
{"learn":[-0.447144828],"iteration":215,"passed_time":19.72664818,"remaining_time":71.60042673},
{"learn":[-0.4465993635],"iteration":216,"passed_time":19.81868183,"remaining_time":71.51164918},
{"learn":[-0.4453845178],"iteration":217,"passed_time":19.90782872,"remaining_time":71.41248651},
{"learn":[-0.4445191672],"iteration":218,"passed_time":20.00267572,"remaining_time":71.3337431},
{"learn":[-0.4436811224],"iteration":219,"passed_time":20.09951815,"remaining_time":71.26192798},
{"learn":[-0.4420227953],"iteration":220,"passed_time":20.20192989,"remaining_time":71.20951758},
{"learn":[-0.4414809776],"iteration":221,"passed_time":20.2891527,"remaining_time":71.10342704},
{"learn":[-0.4405260093],"iteration":222,"passed_time":20.37208543,"remaining_time":70.98255776},
{"learn":[-0.4397861954],"iteration":223,"passed_time":20.45190407,"remaining_time":70.85123911},
{"learn":[-0.4392208739],"iteration":224,"passed_time":20.53499349,"remaining_time":70.73164425},
{"learn":[-0.4377151247],"iteration":225,"passed_time":20.62036273,"remaining_time":70.62018034},
{"learn":[-0.4367481176],"iteration":226,"passed_time":20.70239879,"remaining_time":70.4975959},
{"learn":[-0.4361047755],"iteration":227,"passed_time":20.78596824,"remaining_time":70.38055912},
{"learn":[-0.4349727259],"iteration":228,"passed_time":20.87246383,"remaining_time":70.27366642},
{"learn":[-0.4334569846],"iteration":229,"passed_time":20.96121204,"remaining_time":70.1744925},
{"learn":[-0.4326209988],"iteration":230,"passed_time":21.05882008,"remaining_time":70.1049032},
{"learn":[-0.4318542893],"iteration":231,"passed_time":21.1368442,"remaining_time":69.97024286},
{"learn":[-0.4310762792],"iteration":232,"passed_time":21.21570016,"remaining_time":69.83880697},
{"learn":[-0.4294894683],"iteration":233,"passed_time":21.30609579,"remaining_time":69.74559562},
{"learn":[-0.4287005741],"iteration":234,"passed_time":21.39003024,"remaining_time":69.63137503},
{"learn":[-0.4271050532],"iteration":235,"passed_time":21.47667397,"remaining_time":69.52618183},
{"learn":[-0.4265328881],"iteration":236,"passed_time":21.56266147,"remaining_time":69.41903249},
{"learn":[-0.4256107438],"iteration":237,"passed_time":21.64211683,"remaining_time":69.29114715},
{"learn":[-0.4244542632],"iteration":238,"passed_time":21.72566911,"remaining_time":69.17671209},
{"learn":[-0.4236176881],"iteration":239,"passed_time":21.81033751,"remaining_time":69.06606877},
{"learn":[-0.4225715968],"iteration":240,"passed_time":21.90893112,"remaining_time":68.99949676},
{"learn":[-0.4213695841],"iteration":241,"passed_time":21.99538929,"remaining_time":68.89464909},
{"learn":[-0.4206027444],"iteration":242,"passed_time":22.09286573,"remaining_time":68.8242772},
{"learn":[-0.4197922199],"iteration":243,"passed_time":22.19416405,"remaining_time":68.76552468},
{"learn":[-0.4184742353],"iteration":244,"passed_time":22.29665725,"remaining_time":68.71010703},
{"learn":[-0.4170262677],"iteration":245,"passed_time":22.38978804,"remaining_time":68.62561049},
{"learn":[-0.4160210642],"iteration":246,"passed_time":22.48658047,"remaining_time":68.55220685},
{"learn":[-0.4152170711],"iteration":247,"passed_time":22.58311468,"remaining_time":68.47783161},
{"learn":[-0.4147015563],"iteration":248,"passed_time":22.68684354,"remaining_time":68.4249779},
{"learn":[-0.413441052],"iteration":249,"passed_time":22.78492907,"remaining_time":68.35478721},
{"learn":[-0.4125541374],"iteration":250,"passed_time":22.86762356,"remaining_time":68.23844639},
{"learn":[-0.4117691735],"iteration":251,"passed_time":22.95430808,"remaining_time":68.13421604},
{"learn":[-0.4111357553],"iteration":252,"passed_time":23.04930674,"remaining_time":68.05467248},
{"learn":[-0.4106007888],"iteration":253,"passed_time":23.13510937,"remaining_time":67.9479984},
{"learn":[-0.4094875129],"iteration":254,"passed_time":23.24236884,"remaining_time":67.90417562},
{"learn":[-0.4085614996],"iteration":255,"passed_time":23.33729544,"remaining_time":67.82401487},
{"learn":[-0.4080000587],"iteration":256,"passed_time":23.42700371,"remaining_time":67.72865275},
{"learn":[-0.406998623],"iteration":257,"passed_time":23.51266422,"remaining_time":67.62169321},
{"learn":[-0.4059887084],"iteration":258,"passed_time":23.60649058,"remaining_time":67.5382607},
{"learn":[-0.4047488826],"iteration":259,"passed_time":23.6896283,"remaining_time":67.4243267},
{"learn":[-0.4035852696],"iteration":260,"passed_time":23.78226743,"remaining_time":67.33753115},
{"learn":[-0.4032070098],"iteration":261,"passed_time":23.87740839,"remaining_time":67.25773814},
{"learn":[-0.4018705527],"iteration":262,"passed_time":23.98651109,"remaining_time":67.21695314},
{"learn":[-0.4010331288],"iteration":263,"passed_time":24.09973427,"remaining_time":67.18713798},
{"learn":[-0.399669745],"iteration":264,"passed_time":24.20034028,"remaining_time":67.12169851},
{"learn":[-0.3987452142],"iteration":265,"passed_time":24.29370565,"remaining_time":67.03601484},
{"learn":[-0.3976573436],"iteration":266,"passed_time":24.39190706,"remaining_time":66.96355008},
{"learn":[-0.3960987698],"iteration":267,"passed_time":24.49103056,"remaining_time":66.89341183},
{"learn":[-0.3952468412],"iteration":268,"passed_time":24.59988021,"remaining_time":66.84948859},
{"learn":[-0.394119584],"iteration":269,"passed_time":24.6795572,"remaining_time":66.72621021},
{"learn":[-0.393587899],"iteration":270,"passed_time":24.76749814,"remaining_time":66.62548391},
{"learn":[-0.3926382542],"iteration":271,"passed_time":24.85668784,"remaining_time":66.52819393},
{"learn":[-0.3908592898],"iteration":272,"passed_time":24.94053662,"remaining_time":66.41674039},
{"learn":[-0.3903094949],"iteration":273,"passed_time":25.02354078,"remaining_time":66.3032504},
{"learn":[-0.3894394771],"iteration":274,"passed_time":25.10541995,"remaining_time":66.18701623},
{"learn":[-0.3886363391],"iteration":275,"passed_time":25.18438087,"remaining_time":66.0633759},
{"learn":[-0.3875342157],"iteration":276,"passed_time":25.26449089,"remaining_time":65.94305745},
{"learn":[-0.3860227893],"iteration":277,"passed_time":25.35281311,"remaining_time":65.84435635},
{"learn":[-0.3846554721],"iteration":278,"passed_time":25.43144476,"remaining_time":65.72068701},
{"learn":[-0.3834270968],"iteration":279,"passed_time":25.51707291,"remaining_time":65.61533033},
{"learn":[-0.3828971215],"iteration":280,"passed_time":25.62523135,"remaining_time":65.56776278},
{"learn":[-0.3816217713],"iteration":281,"passed_time":25.70433663,"remaining_time":65.44579325},
{"learn":[-0.3800553043],"iteration":282,"passed_time":25.78361928,"remaining_time":65.32457606},
{"learn":[-0.3792517455],"iteration":283,"passed_time":25.86877344,"remaining_time":65.21845699},
{"learn":[-0.3781831966],"iteration":284,"passed_time":25.94811372,"remaining_time":65.09789932},
{"learn":[-0.376882217],"iteration":285,"passed_time":26.03151746,"remaining_time":64.98777436},
{"learn":[-0.3763804455],"iteration":286,"passed_time":26.11559958,"remaining_time":64.87952092},
{"learn":[-0.3755458421],"iteration":287,"passed_time":26.20579447,"remaining_time":64.78654744},
{"learn":[-0.3747881628],"iteration":288,"passed_time":26.2937682,"remaining_time":64.68812868},
{"learn":[-0.3741408216],"iteration":289,"passed_time":26.37688497,"remaining_time":64.57789078},
{"learn":[-0.3734988067],"iteration":290,"passed_time":26.45809066,"remaining_time":64.46318309},
{"learn":[-0.3724631315],"iteration":291,"passed_time":26.54062888,"remaining_time":64.35193577},
{"learn":[-0.3713571825],"iteration":292,"passed_time":26.62507823,"remaining_time":64.24549593},
{"learn":[-0.3706319612],"iteration":293,"passed_time":26.70858091,"remaining_time":64.13693238},
{"learn":[-0.3695474819],"iteration":294,"passed_time":26.79174682,"remaining_time":64.02773393},
{"learn":[-0.3689216098],"iteration":295,"passed_time":26.8752886,"remaining_time":63.91960532},
{"learn":[-0.3679270061],"iteration":296,"passed_time":26.96328682,"remaining_time":63.8221907},
{"learn":[-0.3672256097],"iteration":297,"passed_time":27.04759208,"remaining_time":63.71613973},
{"learn":[-0.3662795733],"iteration":298,"passed_time":27.13161641,"remaining_time":63.60957561},
{"learn":[-0.3645661584],"iteration":299,"passed_time":27.21988457,"remaining_time":63.51306399},
{"learn":[-0.3635652649],"iteration":300,"passed_time":27.30911017,"remaining_time":63.41883058},
{"learn":[-0.3628420023],"iteration":301,"passed_time":27.38917576,"remaining_time":63.30345922},
{"learn":[-0.3620076344],"iteration":302,"passed_time":27.47294111,"remaining_time":63.19683153},
{"learn":[-0.3608090508],"iteration":303,"passed_time":27.56011307,"remaining_time":63.09815362},
{"learn":[-0.3595581352],"iteration":304,"passed_time":27.64553282,"remaining_time":62.99555839},
{"learn":[-0.3589738834],"iteration":305,"passed_time":27.72685318,"remaining_time":62.88377814},
{"learn":[-0.3584938558],"iteration":306,"passed_time":27.8049288,"remaining_time":62.76487185},
{"learn":[-0.3577599112],"iteration":307,"passed_time":27.88361064,"remaining_time":62.64759274},
{"learn":[-0.357273368],"iteration":308,"passed_time":27.96779172,"remaining_time":62.5428611},
{"learn":[-0.3563970908],"iteration":309,"passed_time":28.04800508,"remaining_time":62.42943067},
{"learn":[-0.355699942],"iteration":310,"passed_time":28.13059259,"remaining_time":62.32147361},
{"learn":[-0.3551364412],"iteration":311,"passed_time":28.21238841,"remaining_time":62.21193342},
{"learn":[-0.3541697682],"iteration":312,"passed_time":28.29480252,"remaining_time":62.10392758},
{"learn":[-0.3534884419],"iteration":313,"passed_time":28.38324485,"remaining_time":62.00925467},
{"learn":[-0.3528126261],"iteration":314,"passed_time":28.46940531,"remaining_time":61.90965918},
{"learn":[-0.3521353199],"iteration":315,"passed_time":28.54536558,"remaining_time":61.78806979},
{"learn":[-0.3515401283],"iteration":316,"passed_time":28.62585552,"remaining_time":61.67652782},
{"learn":[-0.3506681263],"iteration":317,"passed_time":28.70545818,"remaining_time":61.56327823},
{"learn":[-0.3499436001],"iteration":318,"passed_time":28.78712974,"remaining_time":61.45465629},
{"learn":[-0.3489800177],"iteration":319,"passed_time":28.8742677,"remaining_time":61.35781887},
{"learn":[-0.3485324816],"iteration":320,"passed_time":28.95260761,"remaining_time":61.24243166},
{"learn":[-0.3473900731],"iteration":321,"passed_time":29.02971862,"remaining_time":61.12468702},
{"learn":[-0.3466720371],"iteration":322,"passed_time":29.1112174,"remaining_time":61.01639065},
{"learn":[-0.3454101177],"iteration":323,"passed_time":29.19075133,"remaining_time":60.90416019},
{"learn":[-0.3445225767],"iteration":324,"passed_time":29.27224366,"remaining_time":60.79619836},
{"learn":[-0.3439958995],"iteration":325,"passed_time":29.36276597,"remaining_time":60.7070683},
{"learn":[-0.3434228683],"iteration":326,"passed_time":29.44685204,"remaining_time":60.60468324},
{"learn":[-0.3429104975],"iteration":327,"passed_time":29.53785433,"remaining_time":60.51657959},
{"learn":[-0.3422809778],"iteration":328,"passed_time":29.6201927,"remaining_time":60.41078816},
{"learn":[-0.3412236037],"iteration":329,"passed_time":29.71470096,"remaining_time":60.3298474},
{"learn":[-0.3403991179],"iteration":330,"passed_time":29.80995166,"remaining_time":60.25032525},
{"learn":[-0.3397268198],"iteration":331,"passed_time":29.89883448,"remaining_time":60.15789588},
{"learn":[-0.3389309993],"iteration":332,"passed_time":29.989818,"remaining_time":60.06969551},
{"learn":[-0.3382017154],"iteration":333,"passed_time":30.06920409,"remaining_time":59.95835306},
{"learn":[-0.3374638954],"iteration":334,"passed_time":30.15027325,"remaining_time":59.85054242},
{"learn":[-0.3368794402],"iteration":335,"passed_time":30.23517707,"remaining_time":59.75046898},
{"learn":[-0.3362428818],"iteration":336,"passed_time":30.31381216,"remaining_time":59.63815271},
{"learn":[-0.3356266391],"iteration":337,"passed_time":30.39932332,"remaining_time":59.53950308},
{"learn":[-0.3348736868],"iteration":338,"passed_time":30.48138671,"remaining_time":59.43420831},
{"learn":[-0.3341561874],"iteration":339,"passed_time":30.56543661,"remaining_time":59.33290637},
{"learn":[-0.3334820487],"iteration":340,"passed_time":30.65268554,"remaining_time":59.23788789},
{"learn":[-0.3327047232],"iteration":341,"passed_time":30.73803927,"remaining_time":59.13926855},
{"learn":[-0.3316219204],"iteration":342,"passed_time":30.8210384,"remaining_time":59.03621641},
{"learn":[-0.3309230346],"iteration":343,"passed_time":30.90495074,"remaining_time":58.93502234},
{"learn":[-0.3298170416],"iteration":344,"passed_time":30.9867136,"remaining_time":58.82984756},
{"learn":[-0.3293443915],"iteration":345,"passed_time":31.06245018,"remaining_time":58.71341739},
{"learn":[-0.3289320885],"iteration":346,"passed_time":31.1484783,"remaining_time":58.61658885},
{"learn":[-0.3284997743],"iteration":347,"passed_time":31.2351975,"remaining_time":58.52111715},
{"learn":[-0.3273814476],"iteration":348,"passed_time":31.32065658,"remaining_time":58.42334509},
{"learn":[-0.3267975142],"iteration":349,"passed_time":31.39755033,"remaining_time":58.30973633},
{"learn":[-0.3261544181],"iteration":350,"passed_time":31.47909086,"remaining_time":58.20492869},
{"learn":[-0.3250664323],"iteration":351,"passed_time":31.56412227,"remaining_time":58.10667964},
{"learn":[-0.3245408499],"iteration":352,"passed_time":31.64832507,"remaining_time":58.00698675},
{"learn":[-0.3241373664],"iteration":353,"passed_time":31.72773051,"remaining_time":57.89862687},
{"learn":[-0.3236845402],"iteration":354,"passed_time":31.82800264,"remaining_time":57.82834282},
{"learn":[-0.3231669063],"iteration":355,"passed_time":31.91172494,"remaining_time":57.72795186},
{"learn":[-0.3224608414],"iteration":356,"passed_time":31.99476064,"remaining_time":57.62641762},
{"learn":[-0.3217925616],"iteration":357,"passed_time":32.07887906,"remaining_time":57.52692837},
{"learn":[-0.3210544599],"iteration":358,"passed_time":32.17054034,"remaining_time":57.44099264},
{"learn":[-0.3205925895],"iteration":359,"passed_time":32.25858221,"remaining_time":57.34859059},
{"learn":[-0.3199167805],"iteration":360,"passed_time":32.33980774,"remaining_time":57.24414723},
{"learn":[-0.3193595691],"iteration":361,"passed_time":32.4183688,"remaining_time":57.13513617},
{"learn":[-0.318914355],"iteration":362,"passed_time":32.50025307,"remaining_time":57.03212452},
{"learn":[-0.3176067854],"iteration":363,"passed_time":32.58994403,"remaining_time":56.94286923},
{"learn":[-0.3167311082],"iteration":364,"passed_time":32.67383485,"remaining_time":56.8435209},
{"learn":[-0.3163143711],"iteration":365,"passed_time":32.75965899,"remaining_time":56.74760602},
{"learn":[-0.3156821711],"iteration":366,"passed_time":32.84805057,"remaining_time":56.65617441},
{"learn":[-0.3147470626],"iteration":367,"passed_time":32.92877394,"remaining_time":56.55159002},
{"learn":[-0.3141951508],"iteration":368,"passed_time":33.01126608,"remaining_time":56.45015961},
{"learn":[-0.3127197182],"iteration":369,"passed_time":33.0968176,"remaining_time":56.35404078},
{"learn":[-0.3117102595],"iteration":370,"passed_time":33.18429953,"remaining_time":56.26125176},
{"learn":[-0.3112992357],"iteration":371,"passed_time":33.26321084,"remaining_time":56.1540226},
{"learn":[-0.3105242085],"iteration":372,"passed_time":33.34260803,"remaining_time":56.04776203},
{"learn":[-0.3099983561],"iteration":373,"passed_time":33.42793084,"remaining_time":55.95156339},
{"learn":[-0.3095689024],"iteration":374,"passed_time":33.51741411,"remaining_time":55.86235685},
{"learn":[-0.3087692537],"iteration":375,"passed_time":33.60456176,"remaining_time":55.76927271},
{"learn":[-0.3079446834],"iteration":376,"passed_time":33.68658956,"remaining_time":55.66775941},
{"learn":[-0.3071797575],"iteration":377,"passed_time":33.77191002,"remaining_time":55.57176728},
{"learn":[-0.3064113231],"iteration":378,"passed_time":33.85680918,"remaining_time":55.47514116},
{"learn":[-0.3061370255],"iteration":379,"passed_time":33.93546163,"remaining_time":55.36838476},
{"learn":[-0.3055573781],"iteration":380,"passed_time":34.01267977,"remaining_time":55.25944561},
{"learn":[-0.3050400042],"iteration":381,"passed_time":34.09297192,"remaining_time":55.15564567},
{"learn":[-0.3042918372],"iteration":382,"passed_time":34.17845467,"remaining_time":55.06033037},
{"learn":[-0.3036662687],"iteration":383,"passed_time":34.26525169,"remaining_time":54.96717459},
{"learn":[-0.3028242976],"iteration":384,"passed_time":34.34461438,"remaining_time":54.86217622},
{"learn":[-0.3021447603],"iteration":385,"passed_time":34.42691878,"remaining_time":54.76198997},
{"learn":[-0.3015039849],"iteration":386,"passed_time":34.5066623,"remaining_time":54.65783976},
{"learn":[-0.3005280419],"iteration":387,"passed_time":34.59529276,"remaining_time":54.56783291},
{"learn":[-0.2994995356],"iteration":388,"passed_time":34.67648402,"remaining_time":54.46614842},
{"learn":[-0.2987750037],"iteration":389,"passed_time":34.76338991,"remaining_time":54.37350729},
{"learn":[-0.298197781],"iteration":390,"passed_time":34.84121064,"remaining_time":54.26674496},
{"learn":[-0.2973099328],"iteration":391,"passed_time":34.92303094,"remaining_time":54.16633371},
{"learn":[-0.2968410905],"iteration":392,"passed_time":35.00167394,"remaining_time":54.06110963},
{"learn":[-0.296385916],"iteration":393,"passed_time":35.08277639,"remaining_time":53.95980329},
{"learn":[-0.2956382345],"iteration":394,"passed_time":35.16251398,"remaining_time":53.85650875},
{"learn":[-0.2951854254],"iteration":395,"passed_time":35.24181958,"remaining_time":53.75267432},
{"learn":[-0.2947907019],"iteration":396,"passed_time":35.32139857,"remaining_time":53.64937868},
{"learn":[-0.2941734973],"iteration":397,"passed_time":35.40233111,"remaining_time":53.54824957},
{"learn":[-0.2936607429],"iteration":398,"passed_time":35.48278415,"remaining_time":53.44649943},
{"learn":[-0.2930495174],"iteration":399,"passed_time":35.56246664,"remaining_time":53.34369996},
{"learn":[-0.2923729444],"iteration":400,"passed_time":35.65006908,"remaining_time":53.25284633},
{"learn":[-0.2918549103],"iteration":401,"passed_time":35.72785742,"remaining_time":53.1474098},
{"learn":[-0.2912146968],"iteration":402,"passed_time":35.8101393,"remaining_time":53.04876715},
{"learn":[-0.2906646307],"iteration":403,"passed_time":35.89128975,"remaining_time":52.94853637},
{"learn":[-0.2902308714],"iteration":404,"passed_time":35.98234896,"remaining_time":52.86295712},
{"learn":[-0.2895309653],"iteration":405,"passed_time":36.0609873,"remaining_time":52.75917846},
{"learn":[-0.2891086812],"iteration":406,"passed_time":36.14829082,"remaining_time":52.66814855},
{"learn":[-0.2886457216],"iteration":407,"passed_time":36.2303542,"remaining_time":52.56953355},
{"learn":[-0.2882512803],"iteration":408,"passed_time":36.31021879,"remaining_time":52.46782226},
{"learn":[-0.2877888329],"iteration":409,"passed_time":36.40010956,"remaining_time":52.38064547},
{"learn":[-0.2870356767],"iteration":410,"passed_time":36.48930074,"remaining_time":52.29245289},
{"learn":[-0.2865504439],"iteration":411,"passed_time":36.57013619,"remaining_time":52.19233029},
{"learn":[-0.2860921704],"iteration":412,"passed_time":36.65366738,"remaining_time":52.09613257},
{"learn":[-0.2855872263],"iteration":413,"passed_time":36.74474326,"remaining_time":52.01067524},
{"learn":[-0.2849040549],"iteration":414,"passed_time":36.82911214,"remaining_time":51.91573638},
{"learn":[-0.2843118305],"iteration":415,"passed_time":36.90609743,"remaining_time":51.81048292},
{"learn":[-0.2835412288],"iteration":416,"passed_time":36.99610682,"remaining_time":51.7235738},
{"learn":[-0.2829666682],"iteration":417,"passed_time":37.08284108,"remaining_time":51.63208973},
{"learn":[-0.2822321722],"iteration":418,"passed_time":37.17547041,"remaining_time":51.54880265},
{"learn":[-0.2814229255],"iteration":419,"passed_time":37.26506234,"remaining_time":51.46127656},
{"learn":[-0.2805757503],"iteration":420,"passed_time":37.35382591,"remaining_time":51.37260143},
{"learn":[-0.2800393329],"iteration":421,"passed_time":37.4383473,"remaining_time":51.2781155},
{"learn":[-0.279754287],"iteration":422,"passed_time":37.52517666,"remaining_time":51.18682491},
{"learn":[-0.2791157595],"iteration":423,"passed_time":37.60286023,"remaining_time":51.08313088},
{"learn":[-0.2784475071],"iteration":424,"passed_time":37.68636689,"remaining_time":50.98743755},
{"learn":[-0.2779020754],"iteration":425,"passed_time":37.76284565,"remaining_time":50.88233194},
{"learn":[-0.2768970589],"iteration":426,"passed_time":37.84843754,"remaining_time":50.78958948},
{"learn":[-0.2763695418],"iteration":427,"passed_time":37.93771576,"remaining_time":50.70180704},
{"learn":[-0.2758063736],"iteration":428,"passed_time":38.04268844,"remaining_time":50.63490699},
{"learn":[-0.2754061678],"iteration":429,"passed_time":38.14468259,"remaining_time":50.56388157},
{"learn":[-0.2747002687],"iteration":430,"passed_time":38.24492469,"remaining_time":50.49039942},
{"learn":[-0.2739673306],"iteration":431,"passed_time":38.33552066,"remaining_time":50.4041105},
{"learn":[-0.2733440529],"iteration":432,"passed_time":38.42242555,"remaining_time":50.31296833},
{"learn":[-0.2729074511],"iteration":433,"passed_time":38.52460747,"remaining_time":50.24176918},
{"learn":[-0.2725625988],"iteration":434,"passed_time":38.61648414,"remaining_time":50.15704262},
{"learn":[-0.2719588656],"iteration":435,"passed_time":38.70860349,"remaining_time":50.07259718},
{"learn":[-0.2714578683],"iteration":436,"passed_time":38.79168554,"remaining_time":49.97647359},
{"learn":[-0.2708995186],"iteration":437,"passed_time":38.87922882,"remaining_time":49.88613378},
{"learn":[-0.2703229701],"iteration":438,"passed_time":38.96496347,"remaining_time":49.79349546},
{"learn":[-0.2698663363],"iteration":439,"passed_time":39.05088921,"remaining_time":49.70113172},
{"learn":[-0.2691633092],"iteration":440,"passed_time":39.12916845,"remaining_time":49.59910468},
{"learn":[-0.2684854774],"iteration":441,"passed_time":39.20842758,"remaining_time":49.49842215},
{"learn":[-0.2682148778],"iteration":442,"passed_time":39.29075182,"remaining_time":49.40169021},
{"learn":[-0.2678036713],"iteration":443,"passed_time":39.37811903,"remaining_time":49.31133825},
{"learn":[-0.2671886871],"iteration":444,"passed_time":39.45496321,"remaining_time":49.20787546},
{"learn":[-0.2666402835],"iteration":445,"passed_time":39.53784692,"remaining_time":49.11203406},
{"learn":[-0.2660975989],"iteration":446,"passed_time":39.61994157,"remaining_time":49.01527447},
{"learn":[-0.2657019673],"iteration":447,"passed_time":39.70096884,"remaining_time":48.91726517},
{"learn":[-0.2652961295],"iteration":448,"passed_time":39.82506927,"remaining_time":48.87218968},
{"learn":[-0.2649564918],"iteration":449,"passed_time":39.9114079,"remaining_time":48.78060966},
{"learn":[-0.264392447],"iteration":450,"passed_time":39.99766566,"remaining_time":48.68895443},
{"learn":[-0.2638937543],"iteration":451,"passed_time":40.0835972,"remaining_time":48.59692758},
{"learn":[-0.2631382066],"iteration":452,"passed_time":40.16485412,"remaining_time":48.49928302},
{"learn":[-0.2624586048],"iteration":453,"passed_time":40.24859,"remaining_time":48.40469194},
{"learn":[-0.2620385707],"iteration":454,"passed_time":40.32722437,"remaining_time":48.30403798},
{"learn":[-0.2615768907],"iteration":455,"passed_time":40.40791869,"remaining_time":48.20593809},
{"learn":[-0.2610854304],"iteration":456,"passed_time":40.49127458,"remaining_time":48.1110768},
{"learn":[-0.2606817892],"iteration":457,"passed_time":40.57213211,"remaining_time":48.01330918},
{"learn":[-0.2600094797],"iteration":458,"passed_time":40.65438909,"remaining_time":47.9172647},
{"learn":[-0.2596337361],"iteration":459,"passed_time":40.7412909,"remaining_time":47.82673279},
{"learn":[-0.2586773727],"iteration":460,"passed_time":40.82299079,"remaining_time":47.73013457},
{"learn":[-0.2577522494],"iteration":461,"passed_time":40.91993854,"remaining_time":47.651357},
{"learn":[-0.2570354887],"iteration":462,"passed_time":41.00307423,"remaining_time":47.55648134},
{"learn":[-0.2567987488],"iteration":463,"passed_time":41.0832076,"remaining_time":47.45818809},
{"learn":[-0.2563846575],"iteration":464,"passed_time":41.16060772,"remaining_time":47.35682824},
{"learn":[-0.2559100943],"iteration":465,"passed_time":41.24106788,"remaining_time":47.25907779},
{"learn":[-0.2555652323],"iteration":466,"passed_time":41.32647046,"remaining_time":47.1670423},
{"learn":[-0.2550380518],"iteration":467,"passed_time":41.40540779,"remaining_time":47.06768578},
{"learn":[-0.2543254346],"iteration":468,"passed_time":41.49011473,"remaining_time":46.97494866},
{"learn":[-0.2539658041],"iteration":469,"passed_time":41.56643984,"remaining_time":46.87279387},
{"learn":[-0.2535763042],"iteration":470,"passed_time":41.64909476,"remaining_time":46.77785802},
{"learn":[-0.253207829],"iteration":471,"passed_time":41.73276063,"remaining_time":46.68410511},
{"learn":[-0.2528047167],"iteration":472,"passed_time":41.81324041,"remaining_time":46.58684502},
{"learn":[-0.2520996526],"iteration":473,"passed_time":41.89386753,"remaining_time":46.48981924},
{"learn":[-0.2515055704],"iteration":474,"passed_time":41.97621711,"remaining_time":46.39476628},
{"learn":[-0.250636209],"iteration":475,"passed_time":42.06402238,"remaining_time":46.30577254},
{"learn":[-0.2499188032],"iteration":476,"passed_time":42.14436815,"remaining_time":46.20860491},
{"learn":[-0.2496509783],"iteration":477,"passed_time":42.2248567,"remaining_time":46.11166359},
{"learn":[-0.2493359433],"iteration":478,"passed_time":42.30237951,"remaining_time":46.01156519},
{"learn":[-0.2489918449],"iteration":479,"passed_time":42.38832737,"remaining_time":45.92068798},
{"learn":[-0.2485125073],"iteration":480,"passed_time":42.4765567,"remaining_time":45.83229299},
{"learn":[-0.2479834201],"iteration":481,"passed_time":42.55678829,"remaining_time":45.7353036},
{"learn":[-0.2477011701],"iteration":482,"passed_time":42.62925717,"remaining_time":45.63007444},
{"learn":[-0.2469031892],"iteration":483,"passed_time":42.71122285,"remaining_time":45.53510535},
{"learn":[-0.2464675383],"iteration":484,"passed_time":42.79037533,"remaining_time":45.43720267},
{"learn":[-0.2459632194],"iteration":485,"passed_time":42.87648564,"remaining_time":45.34673584},
{"learn":[-0.245656405],"iteration":486,"passed_time":42.96004061,"remaining_time":45.25359514},
{"learn":[-0.2454142992],"iteration":487,"passed_time":43.0404908,"remaining_time":45.15723625},
{"learn":[-0.2451365459],"iteration":488,"passed_time":43.12849809,"remaining_time":45.06883951},
{"learn":[-0.2447055047],"iteration":489,"passed_time":43.20868606,"remaining_time":44.9723059},
{"learn":[-0.2443767283],"iteration":490,"passed_time":43.28727732,"remaining_time":44.87418362},
{"learn":[-0.2437654777],"iteration":491,"passed_time":43.36889509,"remaining_time":44.77926567},
{"learn":[-0.2431867611],"iteration":492,"passed_time":43.45084199,"remaining_time":44.68474014},
{"learn":[-0.2428448206],"iteration":493,"passed_time":43.52858629,"remaining_time":44.58596086},
{"learn":[-0.2424019825],"iteration":494,"passed_time":43.61738043,"remaining_time":44.49853963},
{"learn":[-0.2420597637],"iteration":495,"passed_time":43.69919381,"remaining_time":44.40401952},
{"learn":[-0.2414291493],"iteration":496,"passed_time":43.78361512,"remaining_time":44.31218995},
{"learn":[-0.2410826195],"iteration":497,"passed_time":43.86674336,"remaining_time":44.21908668},
{"learn":[-0.240599624],"iteration":498,"passed_time":43.94963898,"remaining_time":44.12578984},
{"learn":[-0.2402382399],"iteration":499,"passed_time":44.03225583,"remaining_time":44.03225583},
{"learn":[-0.2399317752],"iteration":500,"passed_time":44.11630602,"remaining_time":43.94019302},
{"learn":[-0.2397336029],"iteration":501,"passed_time":44.19897349,"remaining_time":43.84679043},
{"learn":[-0.2394355727],"iteration":502,"passed_time":44.28706763,"remaining_time":43.75879247},
{"learn":[-0.2388976196],"iteration":503,"passed_time":44.37208432,"remaining_time":43.66776552},
{"learn":[-0.2386820562],"iteration":504,"passed_time":44.44896882,"remaining_time":43.56879121},
{"learn":[-0.2384183996],"iteration":505,"passed_time":44.53820056,"remaining_time":43.48195865},
{"learn":[-0.2379039575],"iteration":506,"passed_time":44.62413976,"remaining_time":43.39191499},
{"learn":[-0.2374603928],"iteration":507,"passed_time":44.7091757,"remaining_time":43.30101268},
{"learn":[-0.2369980639],"iteration":508,"passed_time":44.80338231,"remaining_time":43.21897979},
{"learn":[-0.2366074502],"iteration":509,"passed_time":44.88963264,"remaining_time":43.12925489},
{"learn":[-0.2364060925],"iteration":510,"passed_time":44.96928052,"remaining_time":43.03322539},
{"learn":[-0.2359691459],"iteration":511,"passed_time":45.05272851,"remaining_time":42.94088186},
{"learn":[-0.2357275644],"iteration":512,"passed_time":45.13205966,"remaining_time":42.84466482},
{"learn":[-0.2354716196],"iteration":513,"passed_time":45.22041099,"remaining_time":42.7570423},
{"learn":[-0.2350940902],"iteration":514,"passed_time":45.29696666,"remaining_time":42.65830841},
{"learn":[-0.2346235866],"iteration":515,"passed_time":45.37827797,"remaining_time":42.56412119},
{"learn":[-0.2343052212],"iteration":516,"passed_time":45.46991754,"remaining_time":42.47963283},
{"learn":[-0.2340113461],"iteration":517,"passed_time":45.55774448,"remaining_time":42.39156919},
{"learn":[-0.2336488486],"iteration":518,"passed_time":45.64052123,"remaining_time":42.29882604},
{"learn":[-0.2333172712],"iteration":519,"passed_time":45.72604685,"remaining_time":42.20865864},
{"learn":[-0.2329306621],"iteration":520,"passed_time":45.81227876,"remaining_time":42.1191584},
{"learn":[-0.2324187237],"iteration":521,"passed_time":45.8906717,"remaining_time":42.02249247},
{"learn":[-0.2320181222],"iteration":522,"passed_time":45.9636953,"remaining_time":41.92099934},
{"learn":[-0.2316233878],"iteration":523,"passed_time":46.0457488,"remaining_time":41.82781761},
{"learn":[-0.2311020528],"iteration":524,"passed_time":46.12570736,"remaining_time":41.73278285},
{"learn":[-0.230836501],"iteration":525,"passed_time":46.20646505,"remaining_time":41.63852554},
{"learn":[-0.23035746],"iteration":526,"passed_time":46.28594326,"remaining_time":41.54317109},
{"learn":[-0.2301439363],"iteration":527,"passed_time":46.36354665,"remaining_time":41.44620079},
{"learn":[-0.2298430365],"iteration":528,"passed_time":46.4453283,"remaining_time":41.35302387},
{"learn":[-0.2295250236],"iteration":529,"passed_time":46.52605682,"remaining_time":41.25895605},
{"learn":[-0.2292576039],"iteration":530,"passed_time":46.61017283,"remaining_time":41.16793043},
{"learn":[-0.2289986201],"iteration":531,"passed_time":46.69374761,"remaining_time":41.07645467},
{"learn":[-0.2287021425],"iteration":532,"passed_time":46.77502268,"remaining_time":40.9829936},
{"learn":[-0.2282682041],"iteration":533,"passed_time":46.90272167,"remaining_time":40.93009044},
{"learn":[-0.2277960241],"iteration":534,"passed_time":46.98859715,"remaining_time":40.8405564},
{"learn":[-0.2276135174],"iteration":535,"passed_time":47.06884526,"remaining_time":40.74616456},
{"learn":[-0.2273165886],"iteration":536,"passed_time":47.150862,"remaining_time":40.65335029},
{"learn":[-0.2269713599],"iteration":537,"passed_time":47.22973891,"remaining_time":40.55787988},
{"learn":[-0.226547082],"iteration":538,"passed_time":47.31157905,"remaining_time":40.46500546},
{"learn":[-0.2257187358],"iteration":539,"passed_time":47.40441182,"remaining_time":40.38153599},
{"learn":[-0.2254030126],"iteration":540,"passed_time":47.48177029,"remaining_time":40.28490307},
{"learn":[-0.2250868816],"iteration":541,"passed_time":47.55981919,"remaining_time":40.1889247},
{"learn":[-0.2248626205],"iteration":542,"passed_time":47.64790459,"remaining_time":40.1014593},
{"learn":[-0.2245008391],"iteration":543,"passed_time":47.73252356,"remaining_time":40.01108592},
{"learn":[-0.2242363208],"iteration":544,"passed_time":47.81315705,"remaining_time":39.91740634},
{"learn":[-0.2239201466],"iteration":545,"passed_time":47.89431899,"remaining_time":39.82421396},
{"learn":[-0.223554544],"iteration":546,"passed_time":47.97698875,"remaining_time":39.73231427},
{"learn":[-0.2234065818],"iteration":547,"passed_time":48.05346747,"remaining_time":39.63534178},
{"learn":[-0.2232113188],"iteration":548,"passed_time":48.13372199,"remaining_time":39.54154575},
{"learn":[-0.222665888],"iteration":549,"passed_time":48.2158122,"remaining_time":39.44930089},
{"learn":[-0.2222667487],"iteration":550,"passed_time":48.33283006,"remaining_time":39.38555481},
{"learn":[-0.2220199785],"iteration":551,"passed_time":48.41382379,"remaining_time":39.29237873},
{"learn":[-0.221759184],"iteration":552,"passed_time":48.49658296,"remaining_time":39.20067375},
{"learn":[-0.2214273065],"iteration":553,"passed_time":48.59754401,"remaining_time":39.12365457},
{"learn":[-0.2210781991],"iteration":554,"passed_time":48.70031378,"remaining_time":39.04799934},
{"learn":[-0.2206402582],"iteration":555,"passed_time":48.78788613,"remaining_time":38.96011051},
{"learn":[-0.2202270307],"iteration":556,"passed_time":48.88430848,"remaining_time":38.8792615},
{"learn":[-0.2199104531],"iteration":557,"passed_time":48.96777212,"remaining_time":38.7880919},
{"learn":[-0.2195485637],"iteration":558,"passed_time":49.0650458,"remaining_time":38.70784472},
{"learn":[-0.2193566515],"iteration":559,"passed_time":49.16285807,"remaining_time":38.62795992},
{"learn":[-0.2190072983],"iteration":560,"passed_time":49.26100145,"remaining_time":38.5482703},
{"learn":[-0.2184030234],"iteration":561,"passed_time":49.36890775,"remaining_time":38.47612383},
{"learn":[-0.2179014946],"iteration":562,"passed_time":49.47642081,"remaining_time":38.40354511},
{"learn":[-0.2176689004],"iteration":563,"passed_time":49.55692705,"remaining_time":38.30996489},
{"learn":[-0.2170597101],"iteration":564,"passed_time":49.65254044,"remaining_time":38.22806211},
{"learn":[-0.2167244912],"iteration":565,"passed_time":49.78517567,"remaining_time":38.17449866},
{"learn":[-0.2163643286],"iteration":566,"passed_time":49.91026833,"remaining_time":38.11489628},
{"learn":[-0.2161404326],"iteration":567,"passed_time":50.00644773,"remaining_time":38.03307292},
{"learn":[-0.215899558],"iteration":568,"passed_time":50.0935119,"remaining_time":37.9442946},
{"learn":[-0.2154753919],"iteration":569,"passed_time":50.17562291,"remaining_time":37.8517857},
{"learn":[-0.2152430741],"iteration":570,"passed_time":50.25740464,"remaining_time":37.75906583},
{"learn":[-0.214911851],"iteration":571,"passed_time":50.33573756,"remaining_time":37.66380363},
{"learn":[-0.2142710775],"iteration":572,"passed_time":50.4312557,"remaining_time":37.58140695},
{"learn":[-0.2138376394],"iteration":573,"passed_time":50.5659713,"remaining_time":37.52805536},
{"learn":[-0.2134948371],"iteration":574,"passed_time":50.64862278,"remaining_time":37.43593858},
{"learn":[-0.2130563442],"iteration":575,"passed_time":50.73749789,"remaining_time":37.34843594},
{"learn":[-0.2127062573],"iteration":576,"passed_time":50.83044828,"remaining_time":37.26391616},
{"learn":[-0.2122456923],"iteration":577,"passed_time":50.91181859,"remaining_time":37.17091254},
{"learn":[-0.2119081359],"iteration":578,"passed_time":50.99800134,"remaining_time":37.0814483},
{"learn":[-0.2114564921],"iteration":579,"passed_time":51.08209302,"remaining_time":36.99048115},
{"learn":[-0.2111849131],"iteration":580,"passed_time":51.16067945,"remaining_time":36.89556745},
{"learn":[-0.2108057837],"iteration":581,"passed_time":51.24168087,"remaining_time":36.80244434},
{"learn":[-0.210529975],"iteration":582,"passed_time":51.319956,"remaining_time":36.70741278},
{"learn":[-0.2102356594],"iteration":583,"passed_time":51.39810084,"remaining_time":36.6123458},
{"learn":[-0.2100971859],"iteration":584,"passed_time":51.52087025,"remaining_time":36.54899343},
{"learn":[-0.2096846535],"iteration":585,"passed_time":51.63298989,"remaining_time":36.47791436},
{"learn":[-0.2093330498],"iteration":586,"passed_time":51.76708759,"remaining_time":36.42215873},
{"learn":[-0.2089806082],"iteration":587,"passed_time":51.89003119,"remaining_time":36.35832117},
{"learn":[-0.2088059478],"iteration":588,"passed_time":52.01833556,"remaining_time":36.29802363},
{"learn":[-0.2085057114],"iteration":589,"passed_time":52.11835349,"remaining_time":36.21783886},
{"learn":[-0.2080034361],"iteration":590,"passed_time":52.20619375,"remaining_time":36.12915947},
{"learn":[-0.2074466638],"iteration":591,"passed_time":52.28691218,"remaining_time":36.03557461},
{"learn":[-0.2069507801],"iteration":592,"passed_time":52.43329378,"remaining_time":35.98710045},
{"learn":[-0.206616932],"iteration":593,"passed_time":52.57671092,"remaining_time":35.93627042},
{"learn":[-0.2063529792],"iteration":594,"passed_time":52.71537561,"remaining_time":35.88189432},
{"learn":[-0.2060496352],"iteration":595,"passed_time":52.8203583,"remaining_time":35.80440395},
{"learn":[-0.2057724346],"iteration":596,"passed_time":52.91215627,"remaining_time":35.71792124},
{"learn":[-0.2053696097],"iteration":597,"passed_time":52.99622155,"remaining_time":35.62622251},
{"learn":[-0.2050668622],"iteration":598,"passed_time":53.07623196,"remaining_time":35.53183475},
{"learn":[-0.2048009357],"iteration":599,"passed_time":53.15810586,"remaining_time":35.43873724},
{"learn":[-0.2045761228],"iteration":600,"passed_time":53.23767883,"remaining_time":35.34414951},
{"learn":[-0.2043031448],"iteration":601,"passed_time":53.32190794,"remaining_time":35.25268997},
{"learn":[-0.203898201],"iteration":602,"passed_time":53.42331708,"remaining_time":35.17256531},
{"learn":[-0.2033523627],"iteration":603,"passed_time":53.56846441,"remaining_time":35.1210462},
{"learn":[-0.2030298665],"iteration":604,"passed_time":53.67294113,"remaining_time":35.04266404},
{"learn":[-0.2027888633],"iteration":605,"passed_time":53.769428,"remaining_time":34.95900105},
{"learn":[-0.2023633587],"iteration":606,"passed_time":53.87010575,"remaining_time":34.87800916},
{"learn":[-0.2021862135],"iteration":607,"passed_time":53.96673226,"remaining_time":34.79434054},
{"learn":[-0.2018935461],"iteration":608,"passed_time":54.06067575,"remaining_time":34.70890676},
{"learn":[-0.2014313917],"iteration":609,"passed_time":54.14756962,"remaining_time":34.61893795},
{"learn":[-0.2011833018],"iteration":610,"passed_time":54.24302028,"remaining_time":34.53442699},
{"learn":[-0.2006601435],"iteration":611,"passed_time":54.33212349,"remaining_time":34.44585607},
{"learn":[-0.2003804874],"iteration":612,"passed_time":54.42976822,"remaining_time":34.36267586},
{"learn":[-0.200107359],"iteration":613,"passed_time":54.52001541,"remaining_time":34.27479796},
{"learn":[-0.1996198583],"iteration":614,"passed_time":54.60034925,"remaining_time":34.18070644},
{"learn":[-0.1994470689],"iteration":615,"passed_time":54.68100347,"remaining_time":34.0868593},
{"learn":[-0.1991123421],"iteration":616,"passed_time":54.7751009,"remaining_time":34.00139975},
{"learn":[-0.1986984236],"iteration":617,"passed_time":54.86299672,"remaining_time":33.91207888},
{"learn":[-0.1984306876],"iteration":618,"passed_time":54.94704971,"remaining_time":33.82039732},
{"learn":[-0.1980956012],"iteration":619,"passed_time":55.03304666,"remaining_time":33.72993183},
{"learn":[-0.1976098085],"iteration":620,"passed_time":55.13386429,"remaining_time":33.64852587},
{"learn":[-0.1972258093],"iteration":621,"passed_time":55.22546782,"remaining_time":33.56145793},
{"learn":[-0.1967111618],"iteration":622,"passed_time":55.30328626,"remaining_time":33.46603358},
{"learn":[-0.1964422267],"iteration":623,"passed_time":55.3869611,"remaining_time":33.37419451},
{"learn":[-0.196215871],"iteration":624,"passed_time":55.473808,"remaining_time":33.2842848},
{"learn":[-0.1959858675],"iteration":625,"passed_time":55.56186914,"remaining_time":33.19511031},
{"learn":[-0.1955991982],"iteration":626,"passed_time":55.64329512,"remaining_time":33.10199215},
{"learn":[-0.1952829287],"iteration":627,"passed_time":55.72078417,"remaining_time":33.00657916},
{"learn":[-0.1949757965],"iteration":628,"passed_time":55.80497545,"remaining_time":32.9151763},
{"learn":[-0.1945031796],"iteration":629,"passed_time":55.89023069,"remaining_time":32.8244212},
{"learn":[-0.194192601],"iteration":630,"passed_time":55.96986682,"remaining_time":32.73039755},
{"learn":[-0.1939506901],"iteration":631,"passed_time":56.05317997,"remaining_time":32.63856049},
{"learn":[-0.1936101238],"iteration":632,"passed_time":56.13565511,"remaining_time":32.5462645},
{"learn":[-0.1933148422],"iteration":633,"passed_time":56.21186705,"remaining_time":32.45038382},
{"learn":[-0.19311613],"iteration":634,"passed_time":56.3077787,"remaining_time":32.36588854},
{"learn":[-0.1926986781],"iteration":635,"passed_time":56.38867429,"remaining_time":32.27276327},
{"learn":[-0.1921444822],"iteration":636,"passed_time":56.48317641,"remaining_time":32.1874302},
{"learn":[-0.1915686149],"iteration":637,"passed_time":56.57361935,"remaining_time":32.09976521},
{"learn":[-0.1910808966],"iteration":638,"passed_time":56.65170942,"remaining_time":32.00511283},
{"learn":[-0.1907305488],"iteration":639,"passed_time":56.73582816,"remaining_time":31.91390334},
{"learn":[-0.190424229],"iteration":640,"passed_time":56.81151376,"remaining_time":31.81799289},
{"learn":[-0.1899455387],"iteration":641,"passed_time":56.89177081,"remaining_time":31.72469463},
{"learn":[-0.1895123956],"iteration":642,"passed_time":56.97785136,"remaining_time":31.63467019},
{"learn":[-0.1892078116],"iteration":643,"passed_time":57.06500636,"remaining_time":31.54525196},
{"learn":[-0.1889102599],"iteration":644,"passed_time":57.16062609,"remaining_time":31.46049963},
{"learn":[-0.1885539602],"iteration":645,"passed_time":57.24686742,"remaining_time":31.37057441},
{"learn":[-0.1883940216],"iteration":646,"passed_time":57.32967984,"remaining_time":31.27878978},
{"learn":[-0.1879599895],"iteration":647,"passed_time":57.41968071,"remaining_time":31.19093767},
{"learn":[-0.1877626854],"iteration":648,"passed_time":57.50391364,"remaining_time":31.09995946},
{"learn":[-0.1874112992],"iteration":649,"passed_time":57.5913288,"remaining_time":31.01071551},
{"learn":[-0.1869436663],"iteration":650,"passed_time":57.68453672,"remaining_time":30.92458266},
{"learn":[-0.1868052091],"iteration":651,"passed_time":57.76904853,"remaining_time":30.83378664},
{"learn":[-0.1865928585],"iteration":652,"passed_time":57.84897438,"remaining_time":30.74057291},
{"learn":[-0.1862824855],"iteration":653,"passed_time":57.92647964,"remaining_time":30.6461192},
{"learn":[-0.1860502873],"iteration":654,"passed_time":58.02139011,"remaining_time":30.56088487},
{"learn":[-0.1856951746],"iteration":655,"passed_time":58.13549486,"remaining_time":30.48568633},
{"learn":[-0.1855323126],"iteration":656,"passed_time":58.23384056,"remaining_time":30.40214203},
{"learn":[-0.185320632],"iteration":657,"passed_time":58.31826884,"remaining_time":30.31131906},
{"learn":[-0.1849896454],"iteration":658,"passed_time":58.40346833,"remaining_time":30.22091457},
{"learn":[-0.1846605647],"iteration":659,"passed_time":58.494062,"remaining_time":30.13330467},
{"learn":[-0.1842598914],"iteration":660,"passed_time":58.58143329,"remaining_time":30.04403311},
{"learn":[-0.1840045843],"iteration":661,"passed_time":58.66623043,"remaining_time":29.953453},
{"learn":[-0.1835647525],"iteration":662,"passed_time":58.75283076,"remaining_time":29.86380689},
{"learn":[-0.183272058],"iteration":663,"passed_time":58.84915114,"remaining_time":29.77908853},
{"learn":[-0.1827742667],"iteration":664,"passed_time":58.96267234,"remaining_time":29.70300035},
{"learn":[-0.182577343],"iteration":665,"passed_time":59.06159329,"remaining_time":29.61947772},
{"learn":[-0.1822690252],"iteration":666,"passed_time":59.16961241,"remaining_time":29.54045117},
{"learn":[-0.1820523184],"iteration":667,"passed_time":59.25778528,"remaining_time":29.45147412},
{"learn":[-0.1818016656],"iteration":668,"passed_time":59.33856593,"remaining_time":29.35884204},
{"learn":[-0.181527138],"iteration":669,"passed_time":59.45737041,"remaining_time":29.28497348},
{"learn":[-0.1813305267],"iteration":670,"passed_time":59.56924353,"remaining_time":29.20757246},
{"learn":[-0.1810704144],"iteration":671,"passed_time":59.65944437,"remaining_time":29.11949071},
{"learn":[-0.1808626898],"iteration":672,"passed_time":59.76186264,"remaining_time":29.0373389},
{"learn":[-0.1806390168],"iteration":673,"passed_time":59.85526867,"remaining_time":28.95076793},
{"learn":[-0.1804423444],"iteration":674,"passed_time":59.94736508,"remaining_time":28.86354615},
{"learn":[-0.180055859],"iteration":675,"passed_time":60.04311967,"remaining_time":28.77806327},
{"learn":[-0.179878051],"iteration":676,"passed_time":60.14505168,"remaining_time":28.69549733},
{"learn":[-0.179567329],"iteration":677,"passed_time":60.23014041,"remaining_time":28.60487494},
{"learn":[-0.1790193775],"iteration":678,"passed_time":60.31862431,"remaining_time":28.51587394},
{"learn":[-0.1786337586],"iteration":679,"passed_time":60.4529658,"remaining_time":28.44845449},
{"learn":[-0.1783140089],"iteration":680,"passed_time":60.55745076,"remaining_time":28.36685285},
{"learn":[-0.1780605059],"iteration":681,"passed_time":60.65309025,"remaining_time":28.28105968},
{"learn":[-0.1778643113],"iteration":682,"passed_time":60.75844547,"remaining_time":28.19974702},
{"learn":[-0.1776610611],"iteration":683,"passed_time":60.86773351,"remaining_time":28.12018098},
{"learn":[-0.1773606264],"iteration":684,"passed_time":60.97015981,"remaining_time":28.03737276},
{"learn":[-0.1771598202],"iteration":685,"passed_time":61.07549711,"remaining_time":27.95583978},
{"learn":[-0.1769370389],"iteration":686,"passed_time":61.20688769,"remaining_time":27.88610749},
{"learn":[-0.1766757383],"iteration":687,"passed_time":61.30777659,"remaining_time":27.8023638},
{"learn":[-0.1764826015],"iteration":688,"passed_time":61.4354973,"remaining_time":27.73068166},
{"learn":[-0.1763177363],"iteration":689,"passed_time":61.5293245,"remaining_time":27.64360956},
{"learn":[-0.1760903001],"iteration":690,"passed_time":61.64546148,"remaining_time":27.56649435},
{"learn":[-0.1756793266],"iteration":691,"passed_time":61.94230793,"remaining_time":27.56969775},
{"learn":[-0.1754873662],"iteration":692,"passed_time":62.08445349,"remaining_time":27.50350248},
{"learn":[-0.1752497094],"iteration":693,"passed_time":62.20352562,"remaining_time":27.42691476},
{"learn":[-0.175026938],"iteration":694,"passed_time":62.32306674,"remaining_time":27.35041059},
{"learn":[-0.1746010711],"iteration":695,"passed_time":62.44818844,"remaining_time":27.27622024},
{"learn":[-0.1742936799],"iteration":696,"passed_time":62.53671515,"remaining_time":27.18597516},
{"learn":[-0.1740830682],"iteration":697,"passed_time":62.62642364,"remaining_time":27.09624633},
{"learn":[-0.1736121765],"iteration":698,"passed_time":62.72008289,"remaining_time":27.00821881},
{"learn":[-0.1734483735],"iteration":699,"passed_time":62.80933101,"remaining_time":26.91828472},
{"learn":[-0.173288302],"iteration":700,"passed_time":62.89398688,"remaining_time":26.82639383},
{"learn":[-0.173098903],"iteration":701,"passed_time":62.98486022,"remaining_time":26.73716289},
{"learn":[-0.1729148249],"iteration":702,"passed_time":63.0730473,"remaining_time":26.64679239},
{"learn":[-0.1727713646],"iteration":703,"passed_time":63.20427709,"remaining_time":26.57452559},
{"learn":[-0.1723204886],"iteration":704,"passed_time":63.3302703,"remaining_time":26.49990034},
{"learn":[-0.1721847162],"iteration":705,"passed_time":63.50790683,"remaining_time":26.44663542},
{"learn":[-0.1720234554],"iteration":706,"passed_time":63.63556808,"remaining_time":26.37230756},
{"learn":[-0.1717692279],"iteration":707,"passed_time":63.73865323,"remaining_time":26.28769314},
{"learn":[-0.1713574367],"iteration":708,"passed_time":63.83465689,"remaining_time":26.2001201},
{"learn":[-0.171134686],"iteration":709,"passed_time":63.92451152,"remaining_time":26.11001175},
{"learn":[-0.1709176463],"iteration":710,"passed_time":64.02742158,"remaining_time":26.02521074},
{"learn":[-0.1707714235],"iteration":711,"passed_time":64.11815442,"remaining_time":25.93543325},
{"learn":[-0.1705993749],"iteration":712,"passed_time":64.22221069,"remaining_time":25.85101608},
{"learn":[-0.170468343],"iteration":713,"passed_time":64.32568774,"remaining_time":25.7663119},
{"learn":[-0.1701938699],"iteration":714,"passed_time":64.46140041,"remaining_time":25.69440436},
{"learn":[-0.1699182926],"iteration":715,"passed_time":64.5722436,"remaining_time":25.61245416},
{"learn":[-0.1697830519],"iteration":716,"passed_time":64.69164306,"remaining_time":25.53380054},
{"learn":[-0.1695565171],"iteration":717,"passed_time":64.79810154,"remaining_time":25.44995074},
{"learn":[-0.1693030974],"iteration":718,"passed_time":64.89103067,"remaining_time":25.36075051},
{"learn":[-0.1686898938],"iteration":719,"passed_time":64.97332089,"remaining_time":25.26740257},
{"learn":[-0.1683755276],"iteration":720,"passed_time":65.05672207,"remaining_time":25.1745152},
{"learn":[-0.1681666807],"iteration":721,"passed_time":65.1436289,"remaining_time":25.08300393},
{"learn":[-0.1678414056],"iteration":722,"passed_time":65.22403146,"remaining_time":24.98901343},
{"learn":[-0.1675762302],"iteration":723,"passed_time":65.31414886,"remaining_time":24.89876393},
{"learn":[-0.1673668907],"iteration":724,"passed_time":65.40992439,"remaining_time":24.81066098},
{"learn":[-0.1672853471],"iteration":725,"passed_time":65.56228111,"remaining_time":24.74389122},
{"learn":[-0.167007261],"iteration":726,"passed_time":65.73999272,"remaining_time":24.68640717},
{"learn":[-0.1668474238],"iteration":727,"passed_time":65.82556848,"remaining_time":24.59416844},
{"learn":[-0.1665697637],"iteration":728,"passed_time":65.90962837,"remaining_time":24.50138448},
{"learn":[-0.1662468155],"iteration":729,"passed_time":65.99484776,"remaining_time":24.40905328},
{"learn":[-0.1660516737],"iteration":730,"passed_time":66.08055573,"remaining_time":24.31692133},
{"learn":[-0.1656755928],"iteration":731,"passed_time":66.18554221,"remaining_time":24.23186518},
{"learn":[-0.1654565404],"iteration":732,"passed_time":66.30610862,"remaining_time":24.15242974},
{"learn":[-0.1651812865],"iteration":733,"passed_time":66.40986781,"remaining_time":24.06679133},
{"learn":[-0.1649680054],"iteration":734,"passed_time":66.49958399,"remaining_time":23.97604048},
{"learn":[-0.1647465717],"iteration":735,"passed_time":66.58900554,"remaining_time":23.88518677},
{"learn":[-0.1645140186],"iteration":736,"passed_time":66.67632964,"remaining_time":23.79358846},
{"learn":[-0.1643847391],"iteration":737,"passed_time":66.7714748,"remaining_time":23.70477832},
{"learn":[-0.1641893604],"iteration":738,"passed_time":66.85816114,"remaining_time":23.61296354},
{"learn":[-0.1639078451],"iteration":739,"passed_time":66.95954334,"remaining_time":23.52632604},
{"learn":[-0.1637093204],"iteration":740,"passed_time":67.05138171,"remaining_time":23.43631291},
{"learn":[-0.1633778364],"iteration":741,"passed_time":67.14260091,"remaining_time":23.34607956},
{"learn":[-0.163140171],"iteration":742,"passed_time":67.22772379,"remaining_time":23.25373488},
{"learn":[-0.1628571602],"iteration":743,"passed_time":67.3129893,"remaining_time":23.16145869},
{"learn":[-0.1625318205],"iteration":744,"passed_time":67.40503632,"remaining_time":23.0715225},
{"learn":[-0.1621307134],"iteration":745,"passed_time":67.49968612,"remaining_time":22.98246685},
{"learn":[-0.1619042604],"iteration":746,"passed_time":67.57812762,"remaining_time":22.88790668},
{"learn":[-0.1617241335],"iteration":747,"passed_time":67.67294474,"remaining_time":22.79890652},
{"learn":[-0.1615563518],"iteration":748,"passed_time":67.76603186,"remaining_time":22.70931108},
{"learn":[-0.161102738],"iteration":749,"passed_time":67.85099705,"remaining_time":22.61699902},
{"learn":[-0.1607757219],"iteration":750,"passed_time":67.94270315,"remaining_time":22.52694152},
{"learn":[-0.160566401],"iteration":751,"passed_time":68.03005653,"remaining_time":22.43544418},
{"learn":[-0.1603764493],"iteration":752,"passed_time":68.11462693,"remaining_time":22.34304495},
{"learn":[-0.1600839951],"iteration":753,"passed_time":68.19439779,"remaining_time":22.2491006},
{"learn":[-0.1598563835],"iteration":754,"passed_time":68.2752796,"remaining_time":22.15555431},
{"learn":[-0.1594669947],"iteration":755,"passed_time":68.35874994,"remaining_time":22.06287696},
{"learn":[-0.1591614526],"iteration":756,"passed_time":68.44767891,"remaining_time":21.97197619},
{"learn":[-0.1589869999],"iteration":757,"passed_time":68.53066574,"remaining_time":21.87918352},
{"learn":[-0.1588965611],"iteration":758,"passed_time":68.62417072,"remaining_time":21.78975645},
{"learn":[-0.1585974426],"iteration":759,"passed_time":68.70806506,"remaining_time":21.6972837},
{"learn":[-0.1583616102],"iteration":760,"passed_time":68.80876326,"remaining_time":21.61011093},
{"learn":[-0.1581604234],"iteration":761,"passed_time":68.89732215,"remaining_time":21.51911112},
{"learn":[-0.1580087762],"iteration":762,"passed_time":68.97652795,"remaining_time":21.42521248},
{"learn":[-0.1578777118],"iteration":763,"passed_time":69.06132398,"remaining_time":21.33307913},
{"learn":[-0.1577577705],"iteration":764,"passed_time":69.14930197,"remaining_time":21.24194243},
{"learn":[-0.1574191975],"iteration":765,"passed_time":69.2313207,"remaining_time":21.14899353},
{"learn":[-0.1570838779],"iteration":766,"passed_time":69.31913652,"remaining_time":21.05783417},
{"learn":[-0.1569157722],"iteration":767,"passed_time":69.40535611,"remaining_time":20.96620133},
{"learn":[-0.1567248658],"iteration":768,"passed_time":69.54519737,"remaining_time":20.89068998},
{"learn":[-0.1564672033],"iteration":769,"passed_time":69.66443212,"remaining_time":20.80885635},
{"learn":[-0.1560365623],"iteration":770,"passed_time":69.77019515,"remaining_time":20.72292437},
{"learn":[-0.1557401515],"iteration":771,"passed_time":69.87376716,"remaining_time":20.63629393},
{"learn":[-0.1554515772],"iteration":772,"passed_time":69.97160691,"remaining_time":20.54793631},
{"learn":[-0.1553526342],"iteration":773,"passed_time":70.07300887,"remaining_time":20.46059432},
{"learn":[-0.1550155368],"iteration":774,"passed_time":70.16436772,"remaining_time":20.37030031},
{"learn":[-0.1547325515],"iteration":775,"passed_time":70.28315512,"remaining_time":20.28792107},
{"learn":[-0.1544580546],"iteration":776,"passed_time":70.38764288,"remaining_time":20.2013441},
{"learn":[-0.1543258303],"iteration":777,"passed_time":70.50264983,"remaining_time":20.1177227},
{"learn":[-0.1541593522],"iteration":778,"passed_time":70.64124204,"remaining_time":20.0407118},
{"learn":[-0.1539270215],"iteration":779,"passed_time":70.77265353,"remaining_time":19.96151766},
{"learn":[-0.1536449937],"iteration":780,"passed_time":70.90556255,"remaining_time":19.88260973},
{"learn":[-0.1534664584],"iteration":781,"passed_time":71.04073326,"remaining_time":19.80419418},
{"learn":[-0.1533505224],"iteration":782,"passed_time":71.15876486,"remaining_time":19.72088375},
{"learn":[-0.1530790934],"iteration":783,"passed_time":71.26815728,"remaining_time":19.63510456},
{"learn":[-0.1527659589],"iteration":784,"passed_time":71.42021382,"remaining_time":19.56095028},
{"learn":[-0.1526429327],"iteration":785,"passed_time":71.53844973,"remaining_time":19.47738962},
{"learn":[-0.1524514721],"iteration":786,"passed_time":71.65806663,"remaining_time":19.3941146},
{"learn":[-0.1521344319],"iteration":787,"passed_time":71.78257839,"remaining_time":19.31206424},
{"learn":[-0.1518715093],"iteration":788,"passed_time":71.91731383,"remaining_time":19.23264033},
{"learn":[-0.1517203585],"iteration":789,"passed_time":72.03188172,"remaining_time":19.14771539},
{"learn":[-0.1516037538],"iteration":790,"passed_time":72.13433754,"remaining_time":19.05951523},
{"learn":[-0.1513921419],"iteration":791,"passed_time":72.26224075,"remaining_time":18.97796222},
{"learn":[-0.1512138844],"iteration":792,"passed_time":72.38687241,"remaining_time":18.89543832},
{"learn":[-0.1510386797],"iteration":793,"passed_time":72.55696206,"remaining_time":18.82460225},
{"learn":[-0.1508715639],"iteration":794,"passed_time":72.70248583,"remaining_time":18.74718188},
{"learn":[-0.1507354719],"iteration":795,"passed_time":72.81036862,"remaining_time":18.65994372},
{"learn":[-0.1504060788],"iteration":796,"passed_time":72.93816517,"remaining_time":18.57772588},
{"learn":[-0.1501983467],"iteration":797,"passed_time":73.07459356,"remaining_time":18.49757882},
{"learn":[-0.1499802185],"iteration":798,"passed_time":73.18844547,"remaining_time":18.41161144},
{"learn":[-0.1497109969],"iteration":799,"passed_time":73.30884846,"remaining_time":18.32721212},
{"learn":[-0.1494620434],"iteration":800,"passed_time":73.41799956,"remaining_time":18.23992748},
{"learn":[-0.1493494108],"iteration":801,"passed_time":73.52336627,"remaining_time":18.15165402},
{"learn":[-0.1491843552],"iteration":802,"passed_time":73.70377654,"remaining_time":18.08174842},
{"learn":[-0.1490268997],"iteration":803,"passed_time":73.82991119,"remaining_time":17.99833656},
{"learn":[-0.1486334196],"iteration":804,"passed_time":73.95798309,"remaining_time":17.91528783},
{"learn":[-0.1484601143],"iteration":805,"passed_time":74.05875206,"remaining_time":17.82555571},
{"learn":[-0.1481477726],"iteration":806,"passed_time":74.17547422,"remaining_time":17.73961155},
{"learn":[-0.1479324051],"iteration":807,"passed_time":74.29305549,"remaining_time":17.65379536},
{"learn":[-0.1476899244],"iteration":808,"passed_time":74.41226355,"remaining_time":17.56828472},
{"learn":[-0.1474609701],"iteration":809,"passed_time":74.52640783,"remaining_time":17.48150307},
{"learn":[-0.1472553391],"iteration":810,"passed_time":74.62206223,"remaining_time":17.39034496},
{"learn":[-0.1471423651],"iteration":811,"passed_time":74.71456383,"remaining_time":17.29844581},
{"learn":[-0.147006332],"iteration":812,"passed_time":74.81947206,"remaining_time":17.20939886},
{"learn":[-0.1466523691],"iteration":813,"passed_time":74.94785301,"remaining_time":17.12567649},
{"learn":[-0.1461558413],"iteration":814,"passed_time":75.06461958,"remaining_time":17.03920813},
{"learn":[-0.1459154631],"iteration":815,"passed_time":75.17936116,"remaining_time":16.95220889},
{"learn":[-0.145703244],"iteration":816,"passed_time":75.29022764,"remaining_time":16.86427376},
{"learn":[-0.1453722747],"iteration":817,"passed_time":75.40127394,"remaining_time":16.77632256},
{"learn":[-0.1451968231],"iteration":818,"passed_time":75.52643186,"remaining_time":16.69143366},
{"learn":[-0.1449982034],"iteration":819,"passed_time":75.60908718,"remaining_time":16.5971167},
{"learn":[-0.1448771429],"iteration":820,"passed_time":75.71172762,"remaining_time":16.50718544},
{"learn":[-0.1447237083],"iteration":821,"passed_time":75.83374983,"remaining_time":16.42142028},
{"learn":[-0.1446137111],"iteration":822,"passed_time":75.93745428,"remaining_time":16.33162747},
{"learn":[-0.1443496632],"iteration":823,"passed_time":76.04726818,"remaining_time":16.24310582},
{"learn":[-0.1442679861],"iteration":824,"passed_time":76.15188936,"remaining_time":16.15343108},
{"learn":[-0.1439462184],"iteration":825,"passed_time":76.25925774,"remaining_time":16.06429885},
{"learn":[-0.1437726001],"iteration":826,"passed_time":76.37782356,"remaining_time":15.9774649},
{"learn":[-0.1435405653],"iteration":827,"passed_time":76.50154695,"remaining_time":15.8916257},
{"learn":[-0.1433566487],"iteration":828,"passed_time":76.64195201,"remaining_time":15.80913606},
{"learn":[-0.1431526559],"iteration":829,"passed_time":76.75461035,"remaining_time":15.72082381},
{"learn":[-0.1429229046],"iteration":830,"passed_time":76.8661913,"remaining_time":15.63223385},
{"learn":[-0.1428160594],"iteration":831,"passed_time":76.96657136,"remaining_time":15.54132691},
{"learn":[-0.1425217403],"iteration":832,"passed_time":77.08369984,"remaining_time":15.45375495},
{"learn":[-0.1423424705],"iteration":833,"passed_time":77.18017518,"remaining_time":15.36200129},
{"learn":[-0.1422275106],"iteration":834,"passed_time":77.26804621,"remaining_time":15.26853608},
{"learn":[-0.1419979328],"iteration":835,"passed_time":77.36480495,"remaining_time":15.17682777},
{"learn":[-0.1416324643],"iteration":836,"passed_time":77.46297871,"remaining_time":15.08538295},
{"learn":[-0.1413551232],"iteration":837,"passed_time":77.55173126,"remaining_time":14.99210079},
{"learn":[-0.1412575665],"iteration":838,"passed_time":77.63296055,"remaining_time":14.89738576},
{"learn":[-0.1409400694],"iteration":839,"passed_time":77.71792553,"remaining_time":14.80341439},
{"learn":[-0.1406894316],"iteration":840,"passed_time":77.79674402,"remaining_time":14.70830238},
{"learn":[-0.1405093764],"iteration":841,"passed_time":77.88788347,"remaining_time":14.61554108},
{"learn":[-0.1403193509],"iteration":842,"passed_time":77.96948344,"remaining_time":14.521007},
{"learn":[-0.1401103647],"iteration":843,"passed_time":78.06348292,"remaining_time":14.42879542},
{"learn":[-0.13980588],"iteration":844,"passed_time":78.23131201,"remaining_time":14.35012232},
{"learn":[-0.1396271421],"iteration":845,"passed_time":78.35247763,"remaining_time":14.26274415},
{"learn":[-0.1394435153],"iteration":846,"passed_time":78.44604157,"remaining_time":14.17030031},
{"learn":[-0.139249943],"iteration":847,"passed_time":78.54404992,"remaining_time":14.07865046},
{"learn":[-0.1390279445],"iteration":848,"passed_time":78.67289541,"remaining_time":13.99247021},
{"learn":[-0.1386273628],"iteration":849,"passed_time":78.76682239,"remaining_time":13.90002748},
{"learn":[-0.138460857],"iteration":850,"passed_time":78.85293657,"remaining_time":13.80621334},
{"learn":[-0.1382660491],"iteration":851,"passed_time":78.93840523,"remaining_time":13.71230513},
{"learn":[-0.1381172289],"iteration":852,"passed_time":79.02840933,"remaining_time":13.61919833},
{"learn":[-0.1379708715],"iteration":853,"passed_time":79.14841155,"remaining_time":13.53122727},
{"learn":[-0.1377750059],"iteration":854,"passed_time":79.25812656,"remaining_time":13.44143667},
{"learn":[-0.1376675502],"iteration":855,"passed_time":79.35289284,"remaining_time":13.34908478},
{"learn":[-0.1375759691],"iteration":856,"passed_time":79.44870117,"remaining_time":13.25690113},
{"learn":[-0.1374164553],"iteration":857,"passed_time":79.56258499,"remaining_time":13.16770055},
{"learn":[-0.1371893508],"iteration":858,"passed_time":79.67535835,"remaining_time":13.07826022},
{"learn":[-0.1370087636],"iteration":859,"passed_time":79.77002358,"remaining_time":12.98581779},
{"learn":[-0.136874812],"iteration":860,"passed_time":79.86212162,"remaining_time":12.89295576},
{"learn":[-0.1367603296],"iteration":861,"passed_time":79.97704219,"remaining_time":12.80374921},
{"learn":[-0.1366041417],"iteration":862,"passed_time":80.07954188,"remaining_time":12.71251128},
{"learn":[-0.136471983],"iteration":863,"passed_time":80.18671776,"remaining_time":12.62198335},
{"learn":[-0.136120425],"iteration":864,"passed_time":80.28893293,"remaining_time":12.53064271},
{"learn":[-0.1357870376],"iteration":865,"passed_time":80.38934696,"remaining_time":12.43899826},
{"learn":[-0.1356497984],"iteration":866,"passed_time":80.48543439,"remaining_time":12.34666987},
{"learn":[-0.1354482025],"iteration":867,"passed_time":80.58014432,"remaining_time":12.25412333},
{"learn":[-0.1352954463],"iteration":868,"passed_time":80.6771057,"remaining_time":12.16191122},
{"learn":[-0.1350036699],"iteration":869,"passed_time":80.78153815,"remaining_time":12.07080455},
{"learn":[-0.1348909937],"iteration":870,"passed_time":80.87758396,"remaining_time":11.97842518},
{"learn":[-0.1347188058],"iteration":871,"passed_time":81.00500641,"remaining_time":11.89064314},
{"learn":[-0.134446736],"iteration":872,"passed_time":81.10816461,"remaining_time":11.79924044},
{"learn":[-0.1343706414],"iteration":873,"passed_time":81.20837483,"remaining_time":11.70738584},
{"learn":[-0.1341174815],"iteration":874,"passed_time":81.32482312,"remaining_time":11.61783187},
{"learn":[-0.133779133],"iteration":875,"passed_time":81.44319475,"remaining_time":11.52848876},
{"learn":[-0.1332768413],"iteration":876,"passed_time":81.55316973,"remaining_time":11.4379018},
{"learn":[-0.1331787142],"iteration":877,"passed_time":81.67730352,"remaining_time":11.34923808},
{"learn":[-0.1330622056],"iteration":878,"passed_time":81.81334164,"remaining_time":11.26213235},
{"learn":[-0.1327778852],"iteration":879,"passed_time":81.91775024,"remaining_time":11.17060231},
{"learn":[-0.1325929497],"iteration":880,"passed_time":82.03476126,"remaining_time":11.08074528},
{"learn":[-0.1323440313],"iteration":881,"passed_time":82.16574636,"remaining_time":10.99269622},
{"learn":[-0.1322370704],"iteration":882,"passed_time":82.27774706,"remaining_time":10.90203444},
{"learn":[-0.1321011963],"iteration":883,"passed_time":82.39862133,"remaining_time":10.81248877},
{"learn":[-0.1319506301],"iteration":884,"passed_time":82.55315017,"remaining_time":10.7272455},
{"learn":[-0.1317981325],"iteration":885,"passed_time":82.68108755,"remaining_time":10.63842436},
{"learn":[-0.1316019348],"iteration":886,"passed_time":82.82542809,"remaining_time":10.55160471},
{"learn":[-0.131482477],"iteration":887,"passed_time":82.95847632,"remaining_time":10.46323125},
{"learn":[-0.1311370132],"iteration":888,"passed_time":83.07222558,"remaining_time":10.37234763},
{"learn":[-0.130845252],"iteration":889,"passed_time":83.18301592,"remaining_time":10.28104691},
{"learn":[-0.1306766544],"iteration":890,"passed_time":83.3201155,"remaining_time":10.19292098},
{"learn":[-0.1303720746],"iteration":891,"passed_time":83.42937074,"remaining_time":10.10131395},
{"learn":[-0.1302148524],"iteration":892,"passed_time":83.53309022,"remaining_time":10.00900409},
{"learn":[-0.1300567392],"iteration":893,"passed_time":83.68268458,"remaining_time":9.922108015},
{"learn":[-0.1299147326],"iteration":894,"passed_time":83.8284259,"remaining_time":9.834619799},
{"learn":[-0.1296848501],"iteration":895,"passed_time":83.92764333,"remaining_time":9.741601458},
{"learn":[-0.1295355895],"iteration":896,"passed_time":84.02762017,"remaining_time":9.648656497},
{"learn":[-0.1293174415],"iteration":897,"passed_time":84.12719867,"remaining_time":9.555650629},
{"learn":[-0.1291341858],"iteration":898,"passed_time":84.25390823,"remaining_time":9.465678232},
{"learn":[-0.1289116793],"iteration":899,"passed_time":84.38833418,"remaining_time":9.376481575},
{"learn":[-0.1287717222],"iteration":900,"passed_time":84.48873074,"remaining_time":9.283445443},
{"learn":[-0.1286451362],"iteration":901,"passed_time":84.6160711,"remaining_time":9.193320363},
{"learn":[-0.1283974713],"iteration":902,"passed_time":84.77549332,"remaining_time":9.106559083},
{"learn":[-0.1282229679],"iteration":903,"passed_time":84.91884859,"remaining_time":9.017930824},
{"learn":[-0.1280906767],"iteration":904,"passed_time":85.06156145,"remaining_time":8.929114185},
{"learn":[-0.1280025325],"iteration":905,"passed_time":85.19149907,"remaining_time":8.838853105},
{"learn":[-0.1279046358],"iteration":906,"passed_time":85.30168604,"remaining_time":8.746479384},
{"learn":[-0.1277410022],"iteration":907,"passed_time":85.40275057,"remaining_time":8.653142128},
{"learn":[-0.1276184886],"iteration":908,"passed_time":85.53397631,"remaining_time":8.562807309},
{"learn":[-0.1274913133],"iteration":909,"passed_time":85.70398985,"remaining_time":8.476218776},
{"learn":[-0.1273427618],"iteration":910,"passed_time":85.8044635,"remaining_time":8.382653405},
{"learn":[-0.1271281069],"iteration":911,"passed_time":85.91290889,"remaining_time":8.289842086},
{"learn":[-0.1270506095],"iteration":912,"passed_time":86.00766321,"remaining_time":8.195691894},
{"learn":[-0.1268391521],"iteration":913,"passed_time":86.10099322,"remaining_time":8.101406364},
{"learn":[-0.126681816],"iteration":914,"passed_time":86.20700428,"remaining_time":8.008300944},
{"learn":[-0.1265469965],"iteration":915,"passed_time":86.30653139,"remaining_time":7.914572747},
{"learn":[-0.1263373411],"iteration":916,"passed_time":86.45285786,"remaining_time":7.825067833},
{"learn":[-0.126250319],"iteration":917,"passed_time":86.55149325,"remaining_time":7.731179136},
{"learn":[-0.1259710996],"iteration":918,"passed_time":86.65188061,"remaining_time":7.637434526},
{"learn":[-0.1257906947],"iteration":919,"passed_time":86.76050108,"remaining_time":7.544391398},
{"learn":[-0.1256105602],"iteration":920,"passed_time":86.87362458,"remaining_time":7.451700697},
{"learn":[-0.125443961],"iteration":921,"passed_time":86.98295317,"remaining_time":7.358644629},
{"learn":[-0.1251916903],"iteration":922,"passed_time":87.08837507,"remaining_time":7.26522739},
{"learn":[-0.1250188291],"iteration":923,"passed_time":87.18876499,"remaining_time":7.171370281},
{"learn":[-0.1248731069],"iteration":924,"passed_time":87.32522575,"remaining_time":7.080423709},
{"learn":[-0.1247061226],"iteration":925,"passed_time":87.43068003,"remaining_time":6.986900996},
{"learn":[-0.1245453917],"iteration":926,"passed_time":87.55143024,"remaining_time":6.894557074},
{"learn":[-0.124390686],"iteration":927,"passed_time":87.66184507,"remaining_time":6.801350049},
{"learn":[-0.1242412327],"iteration":928,"passed_time":87.75887283,"remaining_time":6.707082853},
{"learn":[-0.1239747077],"iteration":929,"passed_time":87.85918417,"remaining_time":6.613056873},
{"learn":[-0.1237607879],"iteration":930,"passed_time":87.9564383,"remaining_time":6.518790808},
{"learn":[-0.1236343395],"iteration":931,"passed_time":88.06147924,"remaining_time":6.425086468},
{"learn":[-0.1235025652],"iteration":932,"passed_time":88.1595538,"remaining_time":6.330857561},
{"learn":[-0.1233868225],"iteration":933,"passed_time":88.2737965,"remaining_time":6.237762922},
{"learn":[-0.1233072485],"iteration":934,"passed_time":88.41980111,"remaining_time":6.146831093},
{"learn":[-0.1230806147],"iteration":935,"passed_time":88.53498239,"remaining_time":6.05367401},
{"learn":[-0.1229858369],"iteration":936,"passed_time":88.67918779,"remaining_time":5.962421377},
{"learn":[-0.1228360278],"iteration":937,"passed_time":88.81662226,"remaining_time":5.870608294},
{"learn":[-0.1226301333],"iteration":938,"passed_time":88.93107582,"remaining_time":5.777205139},
{"learn":[-0.1225396393],"iteration":939,"passed_time":89.06865405,"remaining_time":5.685233237},
{"learn":[-0.1223165806],"iteration":940,"passed_time":89.18198028,"remaining_time":5.591643822},
{"learn":[-0.1221772643],"iteration":941,"passed_time":89.29589971,"remaining_time":5.498049027},
{"learn":[-0.1218832422],"iteration":942,"passed_time":89.41169605,"remaining_time":5.404524575},
{"learn":[-0.1217524971],"iteration":943,"passed_time":89.51936736,"remaining_time":5.310470945},
{"learn":[-0.1215105994],"iteration":944,"passed_time":89.62006557,"remaining_time":5.215982652},
{"learn":[-0.1213387151],"iteration":945,"passed_time":89.72239076,"remaining_time":5.121574103},
{"learn":[-0.121202792],"iteration":946,"passed_time":89.85012958,"remaining_time":5.028571138},
{"learn":[-0.1210628414],"iteration":947,"passed_time":89.95218828,"remaining_time":4.934086277},
{"learn":[-0.1208914916],"iteration":948,"passed_time":90.07149003,"remaining_time":4.840512109},
{"learn":[-0.1207936022],"iteration":949,"passed_time":90.18910071,"remaining_time":4.746794774},
{"learn":[-0.120632239],"iteration":950,"passed_time":90.28790041,"remaining_time":4.65205796},
{"learn":[-0.1204741482],"iteration":951,"passed_time":90.39581926,"remaining_time":4.5577724},
{"learn":[-0.1203468497],"iteration":952,"passed_time":90.49639195,"remaining_time":4.46309593},
{"learn":[-0.1202666656],"iteration":953,"passed_time":90.59605846,"remaining_time":4.368363406},
{"learn":[-0.1200911818],"iteration":954,"passed_time":90.73341846,"remaining_time":4.275396681},
{"learn":[-0.1198401908],"iteration":955,"passed_time":90.85217804,"remaining_time":4.181480998},
{"learn":[-0.119665178],"iteration":956,"passed_time":90.95735805,"remaining_time":4.086903235},
{"learn":[-0.1195531725],"iteration":957,"passed_time":91.05810235,"remaining_time":3.992108871},
{"learn":[-0.1194614152],"iteration":958,"passed_time":91.15958456,"remaining_time":3.897333646},
{"learn":[-0.1193514266],"iteration":959,"passed_time":91.26713728,"remaining_time":3.802797387},
{"learn":[-0.119226202],"iteration":960,"passed_time":91.39736897,"remaining_time":3.709154412},
{"learn":[-0.1189838571],"iteration":961,"passed_time":91.50226411,"remaining_time":3.614434549},
{"learn":[-0.1189187902],"iteration":962,"passed_time":91.59735047,"remaining_time":3.519316685},
{"learn":[-0.1188208206],"iteration":963,"passed_time":91.69763997,"remaining_time":3.424393194},
{"learn":[-0.1185953047],"iteration":964,"passed_time":91.79825074,"remaining_time":3.329470234},
{"learn":[-0.1184377127],"iteration":965,"passed_time":91.89621134,"remaining_time":3.234442221},
{"learn":[-0.118238917],"iteration":966,"passed_time":92.00843158,"remaining_time":3.13989477},
{"learn":[-0.1181134343],"iteration":967,"passed_time":92.10447663,"remaining_time":3.044776087},
{"learn":[-0.1180192633],"iteration":968,"passed_time":92.20602531,"remaining_time":2.949831563},
{"learn":[-0.1179473631],"iteration":969,"passed_time":92.31092302,"remaining_time":2.854977001},
{"learn":[-0.1177090846],"iteration":970,"passed_time":92.41371704,"remaining_time":2.760038923},
{"learn":[-0.1175677672],"iteration":971,"passed_time":92.51655631,"remaining_time":2.665085984},
{"learn":[-0.1174453553],"iteration":972,"passed_time":92.63141817,"remaining_time":2.570450453},
{"learn":[-0.1172820278],"iteration":973,"passed_time":92.73625289,"remaining_time":2.475505724},
{"learn":[-0.1170411375],"iteration":974,"passed_time":92.8374965,"remaining_time":2.380448628},
{"learn":[-0.1168149803],"iteration":975,"passed_time":92.93573434,"remaining_time":2.285304943},
{"learn":[-0.1165556088],"iteration":976,"passed_time":93.02959771,"remaining_time":2.190051942},
{"learn":[-0.1163705508],"iteration":977,"passed_time":93.1268351,"remaining_time":2.094877681},
{"learn":[-0.1161773322],"iteration":978,"passed_time":93.22071516,"remaining_time":1.999627189},
{"learn":[-0.1160868488],"iteration":979,"passed_time":93.32579586,"remaining_time":1.904608079},
{"learn":[-0.1160074866],"iteration":980,"passed_time":93.42218349,"remaining_time":1.809400088},
{"learn":[-0.1158666114],"iteration":981,"passed_time":93.52139578,"remaining_time":1.714241471},
{"learn":[-0.1157520848],"iteration":982,"passed_time":93.62098679,"remaining_time":1.619081155},
{"learn":[-0.1154802722],"iteration":983,"passed_time":93.72168447,"remaining_time":1.523929829},
{"learn":[-0.1153969088],"iteration":984,"passed_time":93.82809856,"remaining_time":1.428854293},
{"learn":[-0.115323727],"iteration":985,"passed_time":93.93524714,"remaining_time":1.333766187},
{"learn":[-0.1152330753],"iteration":986,"passed_time":94.04229392,"remaining_time":1.238652301},
{"learn":[-0.1151509961],"iteration":987,"passed_time":94.14534801,"remaining_time":1.143465765},
{"learn":[-0.1149314304],"iteration":988,"passed_time":94.26324257,"remaining_time":1.04842838},
{"learn":[-0.1148062024],"iteration":989,"passed_time":94.36926421,"remaining_time":0.953224891},
{"learn":[-0.1147242519],"iteration":990,"passed_time":94.47664473,"remaining_time":0.8580119097},
{"learn":[-0.1145793805],"iteration":991,"passed_time":94.57560563,"remaining_time":0.762706497},
{"learn":[-0.1142660716],"iteration":992,"passed_time":94.67798806,"remaining_time":0.6674178413},
{"learn":[-0.1141423209],"iteration":993,"passed_time":94.78398412,"remaining_time":0.5721367251},
{"learn":[-0.1139978475],"iteration":994,"passed_time":94.88510158,"remaining_time":0.4768095557},
{"learn":[-0.1137583088],"iteration":995,"passed_time":94.99443776,"remaining_time":0.3815037661},
{"learn":[-0.1136535695],"iteration":996,"passed_time":95.09351171,"remaining_time":0.286138952},
{"learn":[-0.1135344144],"iteration":997,"passed_time":95.19036081,"remaining_time":0.1907622461},
{"learn":[-0.1133055809],"iteration":998,"passed_time":95.35357752,"remaining_time":0.09544902655},
{"learn":[-0.1131325428],"iteration":999,"passed_time":95.45979306,"remaining_time":0}
]}