{
"meta":{"launch_mode":"Train","name":"experiment","iteration_count":1000,"learn_metrics":[{"best_value":"Min","name":"RMSE"}],"test_sets":[],"test_metrics":[],"learn_sets":["learn"]},
"iterations":[
{"learn":[1648.963581],"iteration":0,"passed_time":0.006357974562,"remaining_time":6.351616588},
{"learn":[1488.550072],"iteration":1,"passed_time":0.01153807036,"remaining_time":5.757497112},
{"learn":[1342.143603],"iteration":2,"passed_time":0.0164489934,"remaining_time":5.466548806},
{"learn":[1213.305479],"iteration":3,"passed_time":0.02123190082,"remaining_time":5.286743305},
{"learn":[1097.426296],"iteration":4,"passed_time":0.02818020064,"remaining_time":5.607859928},
{"learn":[990.7379811],"iteration":5,"passed_time":0.03274886396,"remaining_time":5.42539513},
{"learn":[893.0321242],"iteration":6,"passed_time":0.03731132272,"remaining_time":5.292877637},
{"learn":[806.1433717],"iteration":7,"passed_time":0.04198582043,"remaining_time":5.206241734},
{"learn":[728.450384],"iteration":8,"passed_time":0.04669623784,"remaining_time":5.141774633},
{"learn":[657.7185285],"iteration":9,"passed_time":0.05178485309,"remaining_time":5.126700456},
{"learn":[594.1285119],"iteration":10,"passed_time":0.0563584722,"remaining_time":5.067139001},
{"learn":[535.8927827],"iteration":11,"passed_time":0.06132284101,"remaining_time":5.04891391},
{"learn":[484.6572184],"iteration":12,"passed_time":0.06585557341,"remaining_time":4.999957766},
{"learn":[438.1270877],"iteration":13,"passed_time":0.07049888835,"remaining_time":4.965135994},
{"learn":[396.0172253],"iteration":14,"passed_time":0.07684627823,"remaining_time":5.046238937},
{"learn":[357.6680905],"iteration":15,"passed_time":0.0814496277,"remaining_time":5.009152104},
{"learn":[322.9554531],"iteration":16,"passed_time":0.08612156093,"remaining_time":4.979852612},
{"learn":[292.1461924],"iteration":17,"passed_time":0.0913532063,"remaining_time":4.983824921},
{"learn":[264.1669716],"iteration":18,"passed_time":0.09710413972,"remaining_time":5.013640056},
{"learn":[238.748491],"iteration":19,"passed_time":0.1029417278,"remaining_time":5.044144662},
{"learn":[216.0556717],"iteration":20,"passed_time":0.1078863981,"remaining_time":5.02956113},
{"learn":[195.4853625],"iteration":21,"passed_time":0.1125348416,"remaining_time":5.002685231},
{"learn":[177.2346603],"iteration":22,"passed_time":0.1170301939,"remaining_time":4.971239105},
{"learn":[160.5211207],"iteration":23,"passed_time":0.1244177662,"remaining_time":5.059655827},
{"learn":[145.5531876],"iteration":24,"passed_time":0.1290115653,"remaining_time":5.031451048},
{"learn":[132.2113186],"iteration":25,"passed_time":0.1337821927,"remaining_time":5.011686758},
{"learn":[119.9636169],"iteration":26,"passed_time":0.13814837,"remaining_time":4.978457927},
{"learn":[109.0072267],"iteration":27,"passed_time":0.1431383504,"remaining_time":4.968945594},
{"learn":[99.30190033],"iteration":28,"passed_time":0.1492179827,"remaining_time":4.996229696},
{"learn":[90.49367376],"iteration":29,"passed_time":0.1538263761,"remaining_time":4.973719495},
{"learn":[82.72025971],"iteration":30,"passed_time":0.1589786322,"remaining_time":4.969364342},
{"learn":[75.79957654],"iteration":31,"passed_time":0.163463611,"remaining_time":4.944774234},
{"learn":[69.58154961],"iteration":32,"passed_time":0.167826748,"remaining_time":4.917832282},
{"learn":[64.03359946],"iteration":33,"passed_time":0.1728453058,"remaining_time":4.91084016},
{"learn":[59.12511524],"iteration":34,"passed_time":0.1775954057,"remaining_time":4.896559042},
{"learn":[54.80548905],"iteration":35,"passed_time":0.1822766748,"remaining_time":4.880964292},
{"learn":[50.98986431],"iteration":36,"passed_time":0.1869255461,"remaining_time":4.86511624},
{"learn":[47.57583787],"iteration":37,"passed_time":0.1921665843,"remaining_time":4.864848791},
{"learn":[44.6799257],"iteration":38,"passed_time":0.1971482811,"remaining_time":4.85793585},
{"learn":[42.09631055],"iteration":39,"passed_time":0.2036027582,"remaining_time":4.886466196},
{"learn":[39.70512434],"iteration":40,"passed_time":0.2082897199,"remaining_time":4.871947352},
{"learn":[37.78560606],"iteration":41,"passed_time":0.2125616273,"remaining_time":4.848429499},
{"learn":[35.94937564],"iteration":42,"passed_time":0.2172394889,"remaining_time":4.834841648},
{"learn":[34.55531677],"iteration":43,"passed_time":0.2237456795,"remaining_time":4.861383399},
{"learn":[33.19613747],"iteration":44,"passed_time":0.2348490398,"remaining_time":4.984018512},
{"learn":[32.03076124],"iteration":45,"passed_time":0.2421693125,"remaining_time":5.022380959},
{"learn":[31.09289188],"iteration":46,"passed_time":0.2470187002,"remaining_time":5.008698325},
{"learn":[30.23914447],"iteration":47,"passed_time":0.2522193556,"remaining_time":5.002350553},
{"learn":[29.53975878],"iteration":48,"passed_time":0.2567277288,"remaining_time":4.982613675},
{"learn":[28.82203862],"iteration":49,"passed_time":0.2612355379,"remaining_time":4.96347522},
{"learn":[28.21385888],"iteration":50,"passed_time":0.2676468283,"remaining_time":4.980330198},
{"learn":[27.8204855],"iteration":51,"passed_time":0.2724664564,"remaining_time":4.96727309},
{"learn":[27.41962451],"iteration":52,"passed_time":0.2770782454,"remaining_time":4.950813177},
{"learn":[27.13806176],"iteration":53,"passed_time":0.2817358681,"remaining_time":4.935595022},
{"learn":[26.81657144],"iteration":54,"passed_time":0.2878809203,"remaining_time":4.94631763},
{"learn":[26.41001692],"iteration":55,"passed_time":0.292764457,"remaining_time":4.935172274},
{"learn":[26.12625236],"iteration":56,"passed_time":0.2971655958,"remaining_time":4.91626591},
{"learn":[25.93918666],"iteration":57,"passed_time":0.3019375598,"remaining_time":4.903882436},
{"learn":[25.70472445],"iteration":58,"passed_time":0.3071259259,"remaining_time":4.898398242},
{"learn":[25.51021883],"iteration":59,"passed_time":0.3140495089,"remaining_time":4.920108973},
{"learn":[25.40340954],"iteration":60,"passed_time":0.3187325929,"remaining_time":4.90639188},
{"learn":[25.34105712],"iteration":61,"passed_time":0.3216426481,"remaining_time":4.866141999},
{"learn":[25.25770957],"iteration":62,"passed_time":0.3252714126,"remaining_time":4.837766883},
{"learn":[25.10648249],"iteration":63,"passed_time":0.3298951678,"remaining_time":4.824716829},
{"learn":[25.03233445],"iteration":64,"passed_time":0.3367667081,"remaining_time":4.84425957},
{"learn":[24.99988265],"iteration":65,"passed_time":0.3397267077,"remaining_time":4.807647652},
{"learn":[24.91934571],"iteration":66,"passed_time":0.3444193742,"remaining_time":4.7961683},
{"learn":[24.88733422],"iteration":67,"passed_time":0.3491693012,"remaining_time":4.785673364},
{"learn":[24.85580653],"iteration":68,"passed_time":0.3536267514,"remaining_time":4.771398632},
{"learn":[24.81529656],"iteration":69,"passed_time":0.360727212,"remaining_time":4.792518674},
{"learn":[24.7860516],"iteration":70,"passed_time":0.3640573151,"remaining_time":4.763510504},
{"learn":[24.72506923],"iteration":71,"passed_time":0.3691936218,"remaining_time":4.75849557},
{"learn":[24.71012616],"iteration":72,"passed_time":0.3727537176,"remaining_time":4.733461592},
{"learn":[24.45727256],"iteration":73,"passed_time":0.3769815179,"remaining_time":4.717363318},
{"learn":[24.44832706],"iteration":74,"passed_time":0.3814631734,"remaining_time":4.704712472},
{"learn":[24.42857088],"iteration":75,"passed_time":0.3861099392,"remaining_time":4.694283997},
{"learn":[24.42559709],"iteration":76,"passed_time":0.388717511,"remaining_time":4.659561852},
{"learn":[24.22973891],"iteration":77,"passed_time":0.3931095336,"remaining_time":4.646756282},
{"learn":[24.1849368],"iteration":78,"passed_time":0.3976871015,"remaining_time":4.636326841},
{"learn":[24.17692002],"iteration":79,"passed_time":0.4021888956,"remaining_time":4.6251723},
{"learn":[24.16367258],"iteration":80,"passed_time":0.4068300722,"remaining_time":4.615763412},
{"learn":[24.16246188],"iteration":81,"passed_time":0.4117633829,"remaining_time":4.609741287},
{"learn":[24.16107781],"iteration":82,"passed_time":0.4151179443,"remaining_time":4.586303072},
{"learn":[24.15743921],"iteration":83,"passed_time":0.4183937779,"remaining_time":4.56248453},
{"learn":[24.15462595],"iteration":84,"passed_time":0.4220135737,"remaining_time":4.542851999},
{"learn":[24.15279365],"iteration":85,"passed_time":0.4249757225,"remaining_time":4.516602446},
{"learn":[24.1420238],"iteration":86,"passed_time":0.4294570946,"remaining_time":4.506831349},
{"learn":[24.13823346],"iteration":87,"passed_time":0.4324631576,"remaining_time":4.481890906},
{"learn":[24.13678785],"iteration":88,"passed_time":0.4378015658,"remaining_time":4.481317151},
{"learn":[24.13654647],"iteration":89,"passed_time":0.444828187,"remaining_time":4.497707224},
{"learn":[23.94880943],"iteration":90,"passed_time":0.4545751245,"remaining_time":4.540755914},
{"learn":[23.94712025],"iteration":91,"passed_time":0.461706545,"remaining_time":4.556842857},
{"learn":[23.94627398],"iteration":92,"passed_time":0.4674078371,"remaining_time":4.558482884},
{"learn":[23.94491698],"iteration":93,"passed_time":0.4759822689,"remaining_time":4.58765889},
{"learn":[23.94420457],"iteration":94,"passed_time":0.4837339378,"remaining_time":4.60820225},
{"learn":[23.9441177],"iteration":95,"passed_time":0.4863904277,"remaining_time":4.580176528},
{"learn":[23.94190318],"iteration":96,"passed_time":0.4892508112,"remaining_time":4.554571984},
{"learn":[23.9417093],"iteration":97,"passed_time":0.4918868701,"remaining_time":4.527366907},
{"learn":[23.9411614],"iteration":98,"passed_time":0.4951101166,"remaining_time":4.506002172},
{"learn":[23.9410154],"iteration":99,"passed_time":0.4975325453,"remaining_time":4.477792907},
{"learn":[23.94097986],"iteration":100,"passed_time":0.5002426774,"remaining_time":4.452655118},
{"learn":[23.94095105],"iteration":101,"passed_time":0.5029545076,"remaining_time":4.427972038},
{"learn":[23.81958161],"iteration":102,"passed_time":0.5077603564,"remaining_time":4.421951841},
{"learn":[23.81955485],"iteration":103,"passed_time":0.5109342169,"remaining_time":4.401894792},
{"learn":[23.81942858],"iteration":104,"passed_time":0.5136761471,"remaining_time":4.378477635},
{"learn":[23.69055964],"iteration":105,"passed_time":0.5181591741,"remaining_time":4.370134921},
{"learn":[23.67912717],"iteration":106,"passed_time":0.5228978265,"remaining_time":4.363997748},
{"learn":[23.67909363],"iteration":107,"passed_time":0.5257412644,"remaining_time":4.342233406},
{"learn":[23.67907908],"iteration":108,"passed_time":0.5283602892,"remaining_time":4.318981813},
{"learn":[23.67901025],"iteration":109,"passed_time":0.5312070536,"remaining_time":4.297947979},
{"learn":[23.67895521],"iteration":110,"passed_time":0.5338527351,"remaining_time":4.275631365},
{"learn":[23.67891922],"iteration":111,"passed_time":0.5365317951,"remaining_time":4.253930661},
{"learn":[23.67887557],"iteration":112,"passed_time":0.5392147076,"remaining_time":4.232596864},
{"learn":[23.53358732],"iteration":113,"passed_time":0.5440535724,"remaining_time":4.228346185},
{"learn":[23.53168278],"iteration":114,"passed_time":0.5485844771,"remaining_time":4.221715324},
{"learn":[23.53088833],"iteration":115,"passed_time":0.551202387,"remaining_time":4.200542329},
{"learn":[23.52994015],"iteration":116,"passed_time":0.5558203036,"remaining_time":4.194780582},
{"learn":[23.52990111],"iteration":117,"passed_time":0.5588075357,"remaining_time":4.176849547},
{"learn":[23.52920622],"iteration":118,"passed_time":0.5613440262,"remaining_time":4.155832664},
{"learn":[23.41499577],"iteration":119,"passed_time":0.5657679388,"remaining_time":4.148964884},
{"learn":[23.37770795],"iteration":120,"passed_time":0.5706032857,"remaining_time":4.145126348},
{"learn":[23.37770214],"iteration":121,"passed_time":0.5737993226,"remaining_time":4.129473814},
{"learn":[23.37757968],"iteration":122,"passed_time":0.5765460576,"remaining_time":4.110820264},
{"learn":[23.29511885],"iteration":123,"passed_time":0.5810732328,"remaining_time":4.105001226},
{"learn":[23.29442782],"iteration":124,"passed_time":0.5837014107,"remaining_time":4.085909875},
{"learn":[23.29386724],"iteration":125,"passed_time":0.5862567699,"remaining_time":4.066574737},
{"learn":[23.29341249],"iteration":126,"passed_time":0.589054063,"remaining_time":4.049166905},
{"learn":[23.1840687],"iteration":127,"passed_time":0.5938390201,"remaining_time":4.045528325},
{"learn":[23.18378306],"iteration":128,"passed_time":0.5964633415,"remaining_time":4.027283492},
{"learn":[23.18377],"iteration":129,"passed_time":0.5989953151,"remaining_time":4.008660955},
{"learn":[23.18369535],"iteration":130,"passed_time":0.6016781811,"remaining_time":3.991285034},
{"learn":[23.15936814],"iteration":131,"passed_time":0.6065468416,"remaining_time":3.988504989},
{"learn":[23.15909175],"iteration":132,"passed_time":0.6089238238,"remaining_time":3.969450791},
{"learn":[23.10848148],"iteration":133,"passed_time":0.6149946409,"remaining_time":3.974517605},
{"learn":[23.10847514],"iteration":134,"passed_time":0.6178781521,"remaining_time":3.958997049},
{"learn":[23.08485005],"iteration":135,"passed_time":0.6229135172,"remaining_time":3.957332933},
{"learn":[22.99277051],"iteration":136,"passed_time":0.6274053902,"remaining_time":3.952195998},
{"learn":[22.99243511],"iteration":137,"passed_time":0.62988877,"remaining_time":3.934522607},
{"learn":[22.99216303],"iteration":138,"passed_time":0.6327005601,"remaining_time":3.91910203},
{"learn":[22.9893741],"iteration":139,"passed_time":0.6362879279,"remaining_time":3.908625843},
{"learn":[22.9891455],"iteration":140,"passed_time":0.6391078119,"remaining_time":3.893571705},
{"learn":[22.98896006],"iteration":141,"passed_time":0.6417737544,"remaining_time":3.877759727},
{"learn":[22.98893087],"iteration":142,"passed_time":0.6444948164,"remaining_time":3.862461941},
{"learn":[22.98879291],"iteration":143,"passed_time":0.647353045,"remaining_time":3.848154212},
{"learn":[22.9887789],"iteration":144,"passed_time":0.6499007576,"remaining_time":3.832173433},
{"learn":[22.98867439],"iteration":145,"passed_time":0.6528509511,"remaining_time":3.818730906},
{"learn":[22.98866859],"iteration":146,"passed_time":0.6556842793,"remaining_time":3.804752995},
{"learn":[22.98866389],"iteration":147,"passed_time":0.6582828616,"remaining_time":3.789574311},
{"learn":[22.98866007],"iteration":148,"passed_time":0.6609107769,"remaining_time":3.774732021},
{"learn":[22.98865698],"iteration":149,"passed_time":0.6636330163,"remaining_time":3.760587092},
{"learn":[22.98865447],"iteration":150,"passed_time":0.6660926282,"remaining_time":3.74511683},
{"learn":[22.93842897],"iteration":151,"passed_time":0.6725437827,"remaining_time":3.752086366},
{"learn":[22.9384238],"iteration":152,"passed_time":0.6751583319,"remaining_time":3.737641223},
{"learn":[22.93831436],"iteration":153,"passed_time":0.6777860436,"remaining_time":3.723422032},
{"learn":[22.84030375],"iteration":154,"passed_time":0.6822900747,"remaining_time":3.719581375},
{"learn":[22.84029591],"iteration":155,"passed_time":0.6852242543,"remaining_time":3.707238914},
{"learn":[22.75942018],"iteration":156,"passed_time":0.6899111375,"remaining_time":3.704427318},
{"learn":[22.75797463],"iteration":157,"passed_time":0.6945334562,"remaining_time":3.701247912},
{"learn":[22.73173118],"iteration":158,"passed_time":0.6993029042,"remaining_time":3.698828569},
{"learn":[22.72839966],"iteration":159,"passed_time":0.7040563382,"remaining_time":3.696295776},
{"learn":[22.72836405],"iteration":160,"passed_time":0.7066654154,"remaining_time":3.682560767},
{"learn":[22.72623665],"iteration":161,"passed_time":0.7104254114,"remaining_time":3.674916634},
{"learn":[22.71578028],"iteration":162,"passed_time":0.7149148646,"remaining_time":3.6710659},
{"learn":[22.71576616],"iteration":163,"passed_time":0.7178682163,"remaining_time":3.659377005},
{"learn":[22.65038293],"iteration":164,"passed_time":0.7223586308,"remaining_time":3.655572465},
{"learn":[22.65037129],"iteration":165,"passed_time":0.7249437676,"remaining_time":3.642187363},
{"learn":[22.65036185],"iteration":166,"passed_time":0.7278679887,"remaining_time":3.630622962},
{"learn":[22.65035815],"iteration":167,"passed_time":0.7305103749,"remaining_time":3.617765666},
{"learn":[22.65034049],"iteration":168,"passed_time":0.7333465916,"remaining_time":3.605982353},
{"learn":[22.65033742],"iteration":169,"passed_time":0.7359505866,"remaining_time":3.593170511},
{"learn":[22.65033187],"iteration":170,"passed_time":0.7385596208,"remaining_time":3.580502489},
{"learn":[22.65032736],"iteration":171,"passed_time":0.7410549388,"remaining_time":3.567404008},
{"learn":[22.65032484],"iteration":172,"passed_time":0.7436975856,"remaining_time":3.555132389},
{"learn":[22.65032279],"iteration":173,"passed_time":0.7470139005,"remaining_time":3.546169436},
{"learn":[22.65031907],"iteration":174,"passed_time":0.749879435,"remaining_time":3.535145908},
{"learn":[22.63566632],"iteration":175,"passed_time":0.7545241619,"remaining_time":3.53254494},
{"learn":[22.6356623],"iteration":176,"passed_time":0.7571820914,"remaining_time":3.520682832},
{"learn":[22.63564178],"iteration":177,"passed_time":0.7598398272,"remaining_time":3.508923247},
{"learn":[22.63563829],"iteration":178,"passed_time":0.7625422017,"remaining_time":3.497470098},
{"learn":[22.60408516],"iteration":179,"passed_time":0.7672009762,"remaining_time":3.495026669},
{"learn":[22.60408208],"iteration":180,"passed_time":0.7700572765,"remaining_time":3.484402815},
{"learn":[22.60408004],"iteration":181,"passed_time":0.7725392072,"remaining_time":3.472181711},
{"learn":[22.6040727],"iteration":182,"passed_time":0.7751568814,"remaining_time":3.460673072},
{"learn":[22.60406674],"iteration":183,"passed_time":0.7778768285,"remaining_time":3.449714631},
{"learn":[22.60406609],"iteration":184,"passed_time":0.7808484319,"remaining_time":3.439953903},
{"learn":[22.60406556],"iteration":185,"passed_time":0.7835438157,"remaining_time":3.429057344},
{"learn":[22.60406512],"iteration":186,"passed_time":0.786092674,"remaining_time":3.417611465},
{"learn":[22.60406112],"iteration":187,"passed_time":0.788701899,"remaining_time":3.406520968},
{"learn":[22.60405787],"iteration":188,"passed_time":0.7912715138,"remaining_time":3.395350252},
{"learn":[22.60385731],"iteration":189,"passed_time":0.7946408544,"remaining_time":3.387679432},
{"learn":[22.60385725],"iteration":190,"passed_time":0.7974190699,"remaining_time":3.377549883},
{"learn":[22.60385719],"iteration":191,"passed_time":0.7997906465,"remaining_time":3.365785638},
{"learn":[22.6038543],"iteration":192,"passed_time":0.8024960377,"remaining_time":3.35551452},
{"learn":[22.60382767],"iteration":193,"passed_time":0.8055449086,"remaining_time":3.346748435},
{"learn":[22.60382525],"iteration":194,"passed_time":0.8082957065,"remaining_time":3.336810481},
{"learn":[22.5524149],"iteration":195,"passed_time":0.813315137,"remaining_time":3.336251889},
{"learn":[22.55241354],"iteration":196,"passed_time":0.8160127061,"remaining_time":3.326183771},
{"learn":[22.5524132],"iteration":197,"passed_time":0.8185849908,"remaining_time":3.315682639},
{"learn":[22.55225759],"iteration":198,"passed_time":0.8219156924,"remaining_time":3.308313918},
{"learn":[22.5522565],"iteration":199,"passed_time":0.824400271,"remaining_time":3.297601084},
{"learn":[22.55225595],"iteration":200,"passed_time":0.827169349,"remaining_time":3.288101044},
{"learn":[22.55225549],"iteration":201,"passed_time":0.8299031681,"remaining_time":3.278528357},
{"learn":[22.55186541],"iteration":202,"passed_time":0.832899249,"remaining_time":3.270052717},
{"learn":[22.55186511],"iteration":203,"passed_time":0.8354953954,"remaining_time":3.260070268},
{"learn":[22.51568517],"iteration":204,"passed_time":0.8399838408,"remaining_time":3.257498309},
{"learn":[22.51568435],"iteration":205,"passed_time":0.8424571303,"remaining_time":3.247140589},
{"learn":[22.4986632],"iteration":206,"passed_time":0.846931492,"remaining_time":3.244524991},
{"learn":[22.49865446],"iteration":207,"passed_time":0.8498773314,"remaining_time":3.236071377},
{"learn":[22.4583688],"iteration":208,"passed_time":0.8545703306,"remaining_time":3.234282926},
{"learn":[22.45836452],"iteration":209,"passed_time":0.8572911059,"remaining_time":3.225047494},
{"learn":[22.45835812],"iteration":210,"passed_time":0.8600906684,"remaining_time":3.216168424},
{"learn":[22.45835292],"iteration":211,"passed_time":0.8629239313,"remaining_time":3.207471971},
{"learn":[22.45835042],"iteration":212,"passed_time":0.8656065407,"remaining_time":3.198273932},
{"learn":[22.45833531],"iteration":213,"passed_time":0.868306283,"remaining_time":3.189199712},
{"learn":[22.45833181],"iteration":214,"passed_time":0.8710137692,"remaining_time":3.180213064},
{"learn":[22.45832896],"iteration":215,"passed_time":0.8736967094,"remaining_time":3.171195464},
{"learn":[22.45832666],"iteration":216,"passed_time":0.8764404132,"remaining_time":3.1624555},
{"learn":[22.45832479],"iteration":217,"passed_time":0.8791345262,"remaining_time":3.153592658},
{"learn":[22.45832327],"iteration":218,"passed_time":0.8818112353,"remaining_time":3.144724086},
{"learn":[22.45832204],"iteration":219,"passed_time":0.8843506764,"remaining_time":3.135425125},
{"learn":[22.45832134],"iteration":220,"passed_time":0.8869707739,"remaining_time":3.126471642},
{"learn":[22.45832041],"iteration":221,"passed_time":0.889671947,"remaining_time":3.117859346},
{"learn":[22.45831966],"iteration":222,"passed_time":0.8924760893,"remaining_time":3.10965884},
{"learn":[22.45831905],"iteration":223,"passed_time":0.8949846834,"remaining_time":3.100482653},
{"learn":[22.45831856],"iteration":224,"passed_time":0.8976719737,"remaining_time":3.091981243},
{"learn":[22.45831815],"iteration":225,"passed_time":0.9003286909,"remaining_time":3.083426579},
{"learn":[22.45831783],"iteration":226,"passed_time":0.902939855,"remaining_time":3.074768757},
{"learn":[22.45831756],"iteration":227,"passed_time":0.9057348438,"remaining_time":3.066786401},
{"learn":[22.45831735],"iteration":228,"passed_time":0.9086547361,"remaining_time":3.059269876},
{"learn":[22.45831717],"iteration":229,"passed_time":0.911261381,"remaining_time":3.050744623},
{"learn":[22.45831703],"iteration":230,"passed_time":0.9155626836,"remaining_time":3.047912137},
{"learn":[22.41439622],"iteration":231,"passed_time":0.9197109302,"remaining_time":3.044560321},
{"learn":[22.41439242],"iteration":232,"passed_time":0.9225195171,"remaining_time":3.036791715},
{"learn":[22.39842792],"iteration":233,"passed_time":0.9271404488,"remaining_time":3.034998221},
{"learn":[22.36494887],"iteration":234,"passed_time":0.9318552844,"remaining_time":3.033486351},
{"learn":[22.3582131],"iteration":235,"passed_time":0.9369166324,"remaining_time":3.033069098},
{"learn":[22.34069274],"iteration":236,"passed_time":0.9415767442,"remaining_time":3.031320911},
{"learn":[22.34069269],"iteration":237,"passed_time":0.9440725223,"remaining_time":3.022618748},
{"learn":[22.33494199],"iteration":238,"passed_time":0.9484814637,"remaining_time":3.020060225},
{"learn":[22.20733754],"iteration":239,"passed_time":0.952980881,"remaining_time":3.01777279},
{"learn":[22.15845337],"iteration":240,"passed_time":0.9580359238,"remaining_time":3.017216872},
{"learn":[22.15844963],"iteration":241,"passed_time":0.9606158967,"remaining_time":3.00887128},
{"learn":[22.15818613],"iteration":242,"passed_time":0.9637220073,"remaining_time":3.002212179},
{"learn":[22.15812459],"iteration":243,"passed_time":0.9670589316,"remaining_time":2.996297345},
{"learn":[22.15812245],"iteration":244,"passed_time":0.9697871951,"remaining_time":2.988527887},
{"learn":[22.14775905],"iteration":245,"passed_time":0.9746286039,"remaining_time":2.98727629},
{"learn":[22.147743],"iteration":246,"passed_time":0.9773445093,"remaining_time":2.979515852},
{"learn":[22.14769844],"iteration":247,"passed_time":0.9804574871,"remaining_time":2.973000122},
{"learn":[22.13845252],"iteration":248,"passed_time":0.9850211096,"remaining_time":2.970886961},
{"learn":[22.13845248],"iteration":249,"passed_time":0.9878849046,"remaining_time":2.963654714},
{"learn":[22.13074682],"iteration":250,"passed_time":0.9920791938,"remaining_time":2.960427554},
{"learn":[22.13005157],"iteration":251,"passed_time":0.9957356425,"remaining_time":2.955596272},
{"learn":[22.12644601],"iteration":252,"passed_time":1.000608012,"remaining_time":2.954364368},
{"learn":[22.12640852],"iteration":253,"passed_time":1.003336233,"remaining_time":2.946806417},
{"learn":[22.12640187],"iteration":254,"passed_time":1.005989211,"remaining_time":2.939066518},
{"learn":[22.07752137],"iteration":255,"passed_time":1.010521898,"remaining_time":2.936829267},
{"learn":[22.07751622],"iteration":256,"passed_time":1.013220642,"remaining_time":2.929272128},
{"learn":[22.06628996],"iteration":257,"passed_time":1.017869767,"remaining_time":2.927361889},
{"learn":[22.0662867],"iteration":258,"passed_time":1.020511249,"remaining_time":2.919686624},
{"learn":[22.06628284],"iteration":259,"passed_time":1.023082579,"remaining_time":2.911850418},
{"learn":[22.0593982],"iteration":260,"passed_time":1.027736944,"remaining_time":2.909952496},
{"learn":[22.05939555],"iteration":261,"passed_time":1.030450923,"remaining_time":2.902567868},
{"learn":[22.05937895],"iteration":262,"passed_time":1.033323927,"remaining_time":2.895664389},
{"learn":[22.01100469],"iteration":263,"passed_time":1.038144504,"remaining_time":2.894221042},
{"learn":[22.01099047],"iteration":264,"passed_time":1.040868709,"remaining_time":2.886937741},
{"learn":[22.01098981],"iteration":265,"passed_time":1.04355392,"remaining_time":2.879581118},
{"learn":[22.01098927],"iteration":266,"passed_time":1.046092791,"remaining_time":2.871857736},
{"learn":[22.0109734],"iteration":267,"passed_time":1.049054743,"remaining_time":2.865328628},
{"learn":[22.01094427],"iteration":268,"passed_time":1.051676678,"remaining_time":2.857902051},
{"learn":[22.01094332],"iteration":269,"passed_time":1.054204516,"remaining_time":2.850256655},
{"learn":[22.0109198],"iteration":270,"passed_time":1.056973592,"remaining_time":2.843297966},
{"learn":[22.01090073],"iteration":271,"passed_time":1.059586015,"remaining_time":2.835950806},
{"learn":[22.01089975],"iteration":272,"passed_time":1.062277785,"remaining_time":2.828849632},
{"learn":[22.00283456],"iteration":273,"passed_time":1.066797181,"remaining_time":2.826623188},
{"learn":[22.00281524],"iteration":274,"passed_time":1.069380797,"remaining_time":2.819276646},
{"learn":[22.00281421],"iteration":275,"passed_time":1.072037031,"remaining_time":2.812155111},
{"learn":[22.00279805],"iteration":276,"passed_time":1.074615111,"remaining_time":2.804861824},
{"learn":[21.91890584],"iteration":277,"passed_time":1.079039425,"remaining_time":2.802397356},
{"learn":[21.91890111],"iteration":278,"passed_time":1.081819343,"remaining_time":2.795669343},
{"learn":[21.91889726],"iteration":279,"passed_time":1.084379314,"remaining_time":2.788403951},
{"learn":[21.91888316],"iteration":280,"passed_time":1.087220859,"remaining_time":2.781892517},
{"learn":[21.91888029],"iteration":281,"passed_time":1.08966868,"remaining_time":2.774404654},
{"learn":[21.91886882],"iteration":282,"passed_time":1.09230114,"remaining_time":2.767420203},
{"learn":[21.91885932],"iteration":283,"passed_time":1.095348659,"remaining_time":2.761512816},
{"learn":[21.91885145],"iteration":284,"passed_time":1.098326858,"remaining_time":2.75545159},
{"learn":[21.91884492],"iteration":285,"passed_time":1.10090688,"remaining_time":2.748417875},
{"learn":[21.91883952],"iteration":286,"passed_time":1.103563247,"remaining_time":2.741604861},
{"learn":[21.91883504],"iteration":287,"passed_time":1.106127967,"remaining_time":2.734594139},
{"learn":[21.87591916],"iteration":288,"passed_time":1.110534154,"remaining_time":2.732144579},
{"learn":[21.87591531],"iteration":289,"passed_time":1.113867768,"remaining_time":2.72705557},
{"learn":[21.87590842],"iteration":290,"passed_time":1.116590292,"remaining_time":2.720489748},
{"learn":[21.84426232],"iteration":291,"passed_time":1.129943522,"remaining_time":2.739726074},
{"learn":[21.84426016],"iteration":292,"passed_time":1.132346475,"remaining_time":2.732317262},
{"learn":[21.84425838],"iteration":293,"passed_time":1.134959702,"remaining_time":2.725447448},
{"learn":[21.82339604],"iteration":294,"passed_time":1.139336672,"remaining_time":2.722821539},
{"learn":[21.82339481],"iteration":295,"passed_time":1.142133702,"remaining_time":2.716426101},
{"learn":[21.82336426],"iteration":296,"passed_time":1.145275219,"remaining_time":2.7108703},
{"learn":[21.82336343],"iteration":297,"passed_time":1.147891837,"remaining_time":2.704094194},
{"learn":[21.82336327],"iteration":298,"passed_time":1.150373327,"remaining_time":2.697029104},
{"learn":[21.77814081],"iteration":299,"passed_time":1.155161971,"remaining_time":2.695377932},
{"learn":[21.77814001],"iteration":300,"passed_time":1.15792884,"remaining_time":2.689010829},
{"learn":[21.77813935],"iteration":301,"passed_time":1.160876599,"remaining_time":2.68308565},
{"learn":[21.72100108],"iteration":302,"passed_time":1.165423453,"remaining_time":2.680858571},
{"learn":[21.70476396],"iteration":303,"passed_time":1.17005713,"remaining_time":2.678815008},
{"learn":[21.7046346],"iteration":304,"passed_time":1.172977313,"remaining_time":2.672849942},
{"learn":[21.70463249],"iteration":305,"passed_time":1.175759425,"remaining_time":2.666591638},
{"learn":[21.70463077],"iteration":306,"passed_time":1.178416771,"remaining_time":2.660074341},
{"learn":[21.704523],"iteration":307,"passed_time":1.18156019,"remaining_time":2.654674193},
{"learn":[21.70452185],"iteration":308,"passed_time":1.184464522,"remaining_time":2.648753995},
{"learn":[21.67024362],"iteration":309,"passed_time":1.188943398,"remaining_time":2.646357886},
{"learn":[21.63581415],"iteration":310,"passed_time":1.193987686,"remaining_time":2.645201014},
{"learn":[21.63581075],"iteration":311,"passed_time":1.196623881,"remaining_time":2.638709071},
{"learn":[21.63580797],"iteration":312,"passed_time":1.19944228,"remaining_time":2.632641683},
{"learn":[21.63580571],"iteration":313,"passed_time":1.202221486,"remaining_time":2.626509361},
{"learn":[21.63580386],"iteration":314,"passed_time":1.204645677,"remaining_time":2.619626315},
{"learn":[21.63580235],"iteration":315,"passed_time":1.207516434,"remaining_time":2.613738104},
{"learn":[21.60086513],"iteration":316,"passed_time":1.211735258,"remaining_time":2.610773442},
{"learn":[21.60086307],"iteration":317,"passed_time":1.214534857,"remaining_time":2.604757145},
{"learn":[21.60086087],"iteration":318,"passed_time":1.217193182,"remaining_time":2.598459426},
{"learn":[21.60076171],"iteration":319,"passed_time":1.220265213,"remaining_time":2.593063578},
{"learn":[21.60076025],"iteration":320,"passed_time":1.22306929,"remaining_time":2.587115413},
{"learn":[21.52265619],"iteration":321,"passed_time":1.227419498,"remaining_time":2.584442298},
{"learn":[21.5226534],"iteration":322,"passed_time":1.230143855,"remaining_time":2.578351052},
{"learn":[21.52265114],"iteration":323,"passed_time":1.232786461,"remaining_time":2.572110023},
{"learn":[21.52263403],"iteration":324,"passed_time":1.235488899,"remaining_time":2.566015405},
{"learn":[21.52263252],"iteration":325,"passed_time":1.238369971,"remaining_time":2.560310921},
{"learn":[21.52254859],"iteration":326,"passed_time":1.241530489,"remaining_time":2.555198836},
{"learn":[21.49427843],"iteration":327,"passed_time":1.246072901,"remaining_time":2.552929847},
{"learn":[21.49256805],"iteration":328,"passed_time":1.25043439,"remaining_time":2.550278041},
{"learn":[21.4916013],"iteration":329,"passed_time":1.254310633,"remaining_time":2.546630679},
{"learn":[21.47637951],"iteration":330,"passed_time":1.259387732,"remaining_time":2.545409041},
{"learn":[21.47637808],"iteration":331,"passed_time":1.262227605,"remaining_time":2.539662771},
{"learn":[21.47637689],"iteration":332,"passed_time":1.264924343,"remaining_time":2.533647257},
{"learn":[21.46609742],"iteration":333,"passed_time":1.269576827,"remaining_time":2.531551398},
{"learn":[21.4352155],"iteration":334,"passed_time":1.274250458,"remaining_time":2.529482252},
{"learn":[21.42959485],"iteration":335,"passed_time":1.278934749,"remaining_time":2.527418671},
{"learn":[21.38530245],"iteration":336,"passed_time":1.283553349,"remaining_time":2.525210297},
{"learn":[21.37022647],"iteration":337,"passed_time":1.28869752,"remaining_time":2.524017036},
{"learn":[21.37022346],"iteration":338,"passed_time":1.29138022,"remaining_time":2.518000961},
{"learn":[21.27174502],"iteration":339,"passed_time":1.295879864,"remaining_time":2.5155315},
{"learn":[21.27173084],"iteration":340,"passed_time":1.298573043,"remaining_time":2.509559047},
{"learn":[21.19656797],"iteration":341,"passed_time":1.303255592,"remaining_time":2.507433274},
{"learn":[21.19654092],"iteration":342,"passed_time":1.306268637,"remaining_time":2.502094736},
{"learn":[21.12635313],"iteration":343,"passed_time":1.310689695,"remaining_time":2.499454767},
{"learn":[21.12634731],"iteration":344,"passed_time":1.31336067,"remaining_time":2.493481851},
{"learn":[21.06376215],"iteration":345,"passed_time":1.317676863,"remaining_time":2.490637769},
{"learn":[21.06375489],"iteration":346,"passed_time":1.320445651,"remaining_time":2.484873229},
{"learn":[21.0637498],"iteration":347,"passed_time":1.323072764,"remaining_time":2.478860465},
{"learn":[21.06372018],"iteration":348,"passed_time":1.325716919,"remaining_time":2.472898895},
{"learn":[21.06371653],"iteration":349,"passed_time":1.3284128,"remaining_time":2.467052343},
{"learn":[21.06371356],"iteration":350,"passed_time":1.330972337,"remaining_time":2.460971642},
{"learn":[21.06365854],"iteration":351,"passed_time":1.333539355,"remaining_time":2.454924722},
{"learn":[21.06363715],"iteration":352,"passed_time":1.336253398,"remaining_time":2.449166993},
{"learn":[21.06361982],"iteration":353,"passed_time":1.339385655,"remaining_time":2.444189642},
{"learn":[21.06360576],"iteration":354,"passed_time":1.342028104,"remaining_time":2.438332753},
{"learn":[21.06359437],"iteration":355,"passed_time":1.344689321,"remaining_time":2.432527873},
{"learn":[21.06359328],"iteration":356,"passed_time":1.347251725,"remaining_time":2.42656263},
{"learn":[20.98497852],"iteration":357,"passed_time":1.351985851,"remaining_time":2.424510939},
{"learn":[20.98497511],"iteration":358,"passed_time":1.354560689,"remaining_time":2.418588863},
{"learn":[20.98495092],"iteration":359,"passed_time":1.35711959,"remaining_time":2.412657049},
{"learn":[20.98493131],"iteration":360,"passed_time":1.359906261,"remaining_time":2.407147093},
{"learn":[20.98492938],"iteration":361,"passed_time":1.362598056,"remaining_time":2.401484972},
{"learn":[20.92968635],"iteration":362,"passed_time":1.367620268,"remaining_time":2.399928679},
{"learn":[20.86964412],"iteration":363,"passed_time":1.371889863,"remaining_time":2.397038333},
{"learn":[20.86958693],"iteration":364,"passed_time":1.374762377,"remaining_time":2.391709889},
{"learn":[20.86958379],"iteration":365,"passed_time":1.377026801,"remaining_time":2.385341507},
{"learn":[20.86956953],"iteration":366,"passed_time":1.379716448,"remaining_time":2.379728915},
{"learn":[20.86956803],"iteration":367,"passed_time":1.382525165,"remaining_time":2.374336697},
{"learn":[20.86956612],"iteration":368,"passed_time":1.385126731,"remaining_time":2.368604247},
{"learn":[20.86647598],"iteration":369,"passed_time":1.389489349,"remaining_time":2.36588727},
{"learn":[20.82946781],"iteration":370,"passed_time":1.393560841,"remaining_time":2.362667841},
{"learn":[20.82946555],"iteration":371,"passed_time":1.396261876,"remaining_time":2.357130264},
{"learn":[20.82944401],"iteration":372,"passed_time":1.399017345,"remaining_time":2.351699398},
{"learn":[20.82944201],"iteration":373,"passed_time":1.401648825,"remaining_time":2.346075305},
{"learn":[20.82944075],"iteration":374,"passed_time":1.404281438,"remaining_time":2.340469063},
{"learn":[20.82943674],"iteration":375,"passed_time":1.40698749,"remaining_time":2.335000515},
{"learn":[20.82943591],"iteration":376,"passed_time":1.409662872,"remaining_time":2.329495939},
{"learn":[20.8294328],"iteration":377,"passed_time":1.412950826,"remaining_time":2.325014323},
{"learn":[20.82941791],"iteration":378,"passed_time":1.415523852,"remaining_time":2.319367577},
{"learn":[20.82941622],"iteration":379,"passed_time":1.418227683,"remaining_time":2.313950431},
{"learn":[20.8052203],"iteration":380,"passed_time":1.423186481,"remaining_time":2.312211107},
{"learn":[20.80518843],"iteration":381,"passed_time":1.4259471,"remaining_time":2.306898711},
{"learn":[20.80518759],"iteration":382,"passed_time":1.428778093,"remaining_time":2.301713012},
{"learn":[20.80516117],"iteration":383,"passed_time":1.431395717,"remaining_time":2.296197295},
{"learn":[20.80516051],"iteration":384,"passed_time":1.434149168,"remaining_time":2.290913607},
{"learn":[20.80515998],"iteration":385,"passed_time":1.436829318,"remaining_time":2.285526428},
{"learn":[20.75786285],"iteration":386,"passed_time":1.441375343,"remaining_time":2.283108748},
{"learn":[20.75784134],"iteration":387,"passed_time":1.44464268,"remaining_time":2.278663197},
{"learn":[20.72169762],"iteration":388,"passed_time":1.450901207,"remaining_time":2.278921948},
{"learn":[20.72169543],"iteration":389,"passed_time":1.45334904,"remaining_time":2.273186961},
{"learn":[20.72168075],"iteration":390,"passed_time":1.456242518,"remaining_time":2.268162899},
{"learn":[20.70523207],"iteration":391,"passed_time":1.461332888,"remaining_time":2.266557132},
{"learn":[20.70521526],"iteration":392,"passed_time":1.464009355,"remaining_time":2.261205289},
{"learn":[20.70521391],"iteration":393,"passed_time":1.466699848,"remaining_time":2.255888599},
{"learn":[20.70513821],"iteration":394,"passed_time":1.469598117,"remaining_time":2.250903444},
{"learn":[20.69311532],"iteration":395,"passed_time":1.474444984,"remaining_time":2.248900935},
{"learn":[20.69310147],"iteration":396,"passed_time":1.478160539,"remaining_time":2.245165756},
{"learn":[20.60372269],"iteration":397,"passed_time":1.483513045,"remaining_time":2.243906666},
{"learn":[20.55023191],"iteration":398,"passed_time":1.487998186,"remaining_time":2.241320576},
{"learn":[20.55022089],"iteration":399,"passed_time":1.490786363,"remaining_time":2.236179544},
{"learn":[20.48987447],"iteration":400,"passed_time":1.494945784,"remaining_time":2.233098565},
{"learn":[20.48987064],"iteration":401,"passed_time":1.497702525,"remaining_time":2.227925647},
{"learn":[20.48950991],"iteration":402,"passed_time":1.502155715,"remaining_time":2.22527782},
{"learn":[20.4833129],"iteration":403,"passed_time":1.506433117,"remaining_time":2.222361728},
{"learn":[20.48329413],"iteration":404,"passed_time":1.509200205,"remaining_time":2.217220055},
{"learn":[20.43695809],"iteration":405,"passed_time":1.513896899,"remaining_time":2.214913197},
{"learn":[20.43593719],"iteration":406,"passed_time":1.518538721,"remaining_time":2.212514647},
{"learn":[20.43067077],"iteration":407,"passed_time":1.523391127,"remaining_time":2.210410655},
{"learn":[20.43065264],"iteration":408,"passed_time":1.526085999,"remaining_time":2.205175612},
{"learn":[20.41464765],"iteration":409,"passed_time":1.530471287,"remaining_time":2.20238551},
{"learn":[20.41464714],"iteration":410,"passed_time":1.533054987,"remaining_time":2.197005809},
{"learn":[20.41464673],"iteration":411,"passed_time":1.535647303,"remaining_time":2.191651976},
{"learn":[20.41464531],"iteration":412,"passed_time":1.538373175,"remaining_time":2.186501341},
{"learn":[20.40055448],"iteration":413,"passed_time":1.543089251,"remaining_time":2.184179471},
{"learn":[20.39177465],"iteration":414,"passed_time":1.547596153,"remaining_time":2.181551203},
{"learn":[20.39177149],"iteration":415,"passed_time":1.549883388,"remaining_time":2.175797833},
{"learn":[20.39176894],"iteration":416,"passed_time":1.552671627,"remaining_time":2.170761532},
{"learn":[20.39176687],"iteration":417,"passed_time":1.555743332,"remaining_time":2.166130667},
{"learn":[20.39176519],"iteration":418,"passed_time":1.558376412,"remaining_time":2.160899035},
{"learn":[20.34609201],"iteration":419,"passed_time":1.563069986,"remaining_time":2.158525219},
{"learn":[20.34478592],"iteration":420,"passed_time":1.567778834,"remaining_time":2.15616139},
{"learn":[20.30966779],"iteration":421,"passed_time":1.572581023,"remaining_time":2.153914292},
{"learn":[20.30964313],"iteration":422,"passed_time":1.575326841,"remaining_time":2.148850088},
{"learn":[20.30963989],"iteration":423,"passed_time":1.577866226,"remaining_time":2.143516382},
{"learn":[20.30962108],"iteration":424,"passed_time":1.580527692,"remaining_time":2.138360995},
{"learn":[20.30961939],"iteration":425,"passed_time":1.583105049,"remaining_time":2.133103986},
{"learn":[20.3096176],"iteration":426,"passed_time":1.585975968,"remaining_time":2.128253466},
{"learn":[20.30960364],"iteration":427,"passed_time":1.589113102,"remaining_time":2.123767977},
{"learn":[20.30646132],"iteration":428,"passed_time":1.59386057,"remaining_time":2.121432134},
{"learn":[20.30645981],"iteration":429,"passed_time":1.596487487,"remaining_time":2.116274111},
{"learn":[20.3064259],"iteration":430,"passed_time":1.599203648,"remaining_time":2.111245652},
{"learn":[20.30641387],"iteration":431,"passed_time":1.602283913,"remaining_time":2.106706627},
{"learn":[20.30641261],"iteration":432,"passed_time":1.605093888,"remaining_time":2.101820403},
{"learn":[20.29813213],"iteration":433,"passed_time":1.609213832,"remaining_time":2.098652141},
{"learn":[20.29813192],"iteration":434,"passed_time":1.612153589,"remaining_time":2.093946616},
{"learn":[20.23435335],"iteration":435,"passed_time":1.616577798,"remaining_time":2.091169446},
{"learn":[20.23435215],"iteration":436,"passed_time":1.619296793,"remaining_time":2.086187859},
{"learn":[20.23434935],"iteration":437,"passed_time":1.622084284,"remaining_time":2.081304492},
{"learn":[20.23434723],"iteration":438,"passed_time":1.626816747,"remaining_time":2.078916161},
{"learn":[20.23434656],"iteration":439,"passed_time":1.629510232,"remaining_time":2.073922114},
{"learn":[20.2172091],"iteration":440,"passed_time":1.634850547,"remaining_time":2.07229355},
{"learn":[20.21720797],"iteration":441,"passed_time":1.637403889,"remaining_time":2.067129796},
{"learn":[20.16443698],"iteration":442,"passed_time":1.641868941,"remaining_time":2.06438149},
{"learn":[20.16443152],"iteration":443,"passed_time":1.644811587,"remaining_time":2.059719015},
{"learn":[20.16442708],"iteration":444,"passed_time":1.647387296,"remaining_time":2.054606628},
{"learn":[20.16442349],"iteration":445,"passed_time":1.650379658,"remaining_time":2.050023163},
{"learn":[20.16441462],"iteration":446,"passed_time":1.653139301,"remaining_time":2.045158911},
{"learn":[20.16441255],"iteration":447,"passed_time":1.655715618,"remaining_time":2.040078172},
{"learn":[20.16441088],"iteration":448,"passed_time":1.658380445,"remaining_time":2.035117206},
{"learn":[20.12600965],"iteration":449,"passed_time":1.663190549,"remaining_time":2.032788449},
{"learn":[20.12598661],"iteration":450,"passed_time":1.666281887,"remaining_time":2.028356443},
{"learn":[20.12597825],"iteration":451,"passed_time":1.668520989,"remaining_time":2.022897128},
{"learn":[20.12597147],"iteration":452,"passed_time":1.671226775,"remaining_time":2.018015554},
{"learn":[20.12596597],"iteration":453,"passed_time":1.673986958,"remaining_time":2.013208984},
{"learn":[20.12596151],"iteration":454,"passed_time":1.676537597,"remaining_time":2.008160418},
{"learn":[20.1259579],"iteration":455,"passed_time":1.679112261,"remaining_time":2.003151469},
{"learn":[20.12594781],"iteration":456,"passed_time":1.681729105,"remaining_time":1.998203291},
{"learn":[20.10942333],"iteration":457,"passed_time":1.686263431,"remaining_time":1.995534454},
{"learn":[20.10941417],"iteration":458,"passed_time":1.688771718,"remaining_time":1.990469498},
{"learn":[20.10941182],"iteration":459,"passed_time":1.69137063,"remaining_time":1.985522044},
{"learn":[20.10936384],"iteration":460,"passed_time":1.693851386,"remaining_time":1.980446632},
{"learn":[20.1093622],"iteration":461,"passed_time":1.697049395,"remaining_time":1.976217693},
{"learn":[20.10936087],"iteration":462,"passed_time":1.69935799,"remaining_time":1.970961642},
{"learn":[20.1093598],"iteration":463,"passed_time":1.702095866,"remaining_time":1.96621419},
{"learn":[20.10932055],"iteration":464,"passed_time":1.704879941,"remaining_time":1.961528534},
{"learn":[20.10931675],"iteration":465,"passed_time":1.707472055,"remaining_time":1.956631067},
{"learn":[20.10931619],"iteration":466,"passed_time":1.710173103,"remaining_time":1.951867803},
{"learn":[20.10931574],"iteration":467,"passed_time":1.713147201,"remaining_time":1.947423741},
{"learn":[20.10931199],"iteration":468,"passed_time":1.715930798,"remaining_time":1.942770264},
{"learn":[20.10931178],"iteration":469,"passed_time":1.718587675,"remaining_time":1.937981846},
{"learn":[20.10931161],"iteration":470,"passed_time":1.721298859,"remaining_time":1.933263475},
{"learn":[20.10931147],"iteration":471,"passed_time":1.724006752,"remaining_time":1.928549926},
{"learn":[20.10931136],"iteration":472,"passed_time":1.72671754,"remaining_time":1.923848084},
{"learn":[20.10931127],"iteration":473,"passed_time":1.729679806,"remaining_time":1.919433709},
{"learn":[20.10931119],"iteration":474,"passed_time":1.732195617,"remaining_time":1.914531998},
{"learn":[20.07186348],"iteration":475,"passed_time":1.736667315,"remaining_time":1.911793431},
{"learn":[20.07186245],"iteration":476,"passed_time":1.739615146,"remaining_time":1.907376774},
{"learn":[20.07186161],"iteration":477,"passed_time":1.742309824,"remaining_time":1.902689808},
{"learn":[20.07186093],"iteration":478,"passed_time":1.745164437,"remaining_time":1.898185118},
{"learn":[20.07186038],"iteration":479,"passed_time":1.747966961,"remaining_time":1.893630875},
{"learn":[20.07185993],"iteration":480,"passed_time":1.750544883,"remaining_time":1.888841568},
{"learn":[20.07185957],"iteration":481,"passed_time":1.753155482,"remaining_time":1.884096555},
{"learn":[20.07185928],"iteration":482,"passed_time":1.755771621,"remaining_time":1.879366311},
{"learn":[20.07185904],"iteration":483,"passed_time":1.758592891,"remaining_time":1.874863496},
{"learn":[20.07185884],"iteration":484,"passed_time":1.761316431,"remaining_time":1.87026384},
{"learn":[20.07185869],"iteration":485,"passed_time":1.763888234,"remaining_time":1.865511424},
{"learn":[20.07185856],"iteration":486,"passed_time":1.766624396,"remaining_time":1.860941099},
{"learn":[20.06965043],"iteration":487,"passed_time":1.771279132,"remaining_time":1.85839122},
{"learn":[20.06964493],"iteration":488,"passed_time":1.774106648,"remaining_time":1.853923307},
{"learn":[20.06964477],"iteration":489,"passed_time":1.777207788,"remaining_time":1.849746881},
{"learn":[20.06960005],"iteration":490,"passed_time":1.779862187,"remaining_time":1.845111718},
{"learn":[20.06959989],"iteration":491,"passed_time":1.782549678,"remaining_time":1.840518773},
{"learn":[20.03552341],"iteration":492,"passed_time":1.787070925,"remaining_time":1.837819389},
{"learn":[20.03552103],"iteration":493,"passed_time":1.789648258,"remaining_time":1.833121495},
{"learn":[20.03299609],"iteration":494,"passed_time":1.794452919,"remaining_time":1.830704493},
{"learn":[20.03299588],"iteration":495,"passed_time":1.797044218,"remaining_time":1.826028802},
{"learn":[20.03291747],"iteration":496,"passed_time":1.800014075,"remaining_time":1.821744627},
{"learn":[20.02053177],"iteration":497,"passed_time":1.804662765,"remaining_time":1.819158048},
{"learn":[20.02053135],"iteration":498,"passed_time":1.807702817,"remaining_time":1.814948119},
{"learn":[20.00909387],"iteration":499,"passed_time":1.812184218,"remaining_time":1.812184218},
{"learn":[19.99766255],"iteration":500,"passed_time":1.816828848,"remaining_time":1.809576038},
{"learn":[19.99766117],"iteration":501,"passed_time":1.819573372,"remaining_time":1.80507478},
{"learn":[19.95349678],"iteration":502,"passed_time":1.824376483,"remaining_time":1.802614537},
{"learn":[19.95349528],"iteration":503,"passed_time":1.826964316,"remaining_time":1.797964882},
{"learn":[19.93552282],"iteration":504,"passed_time":1.831517763,"remaining_time":1.795250085},
{"learn":[19.93552066],"iteration":505,"passed_time":1.834197103,"remaining_time":1.790698358},
{"learn":[19.90740831],"iteration":506,"passed_time":1.83899396,"remaining_time":1.788213062},
{"learn":[19.90740579],"iteration":507,"passed_time":1.841589542,"remaining_time":1.783586722},
{"learn":[19.90014615],"iteration":508,"passed_time":1.846166785,"remaining_time":1.780879944},
{"learn":[19.9001438],"iteration":509,"passed_time":1.848751023,"remaining_time":1.776250983},
{"learn":[19.90014205],"iteration":510,"passed_time":1.851344164,"remaining_time":1.771638544},
{"learn":[19.90014063],"iteration":511,"passed_time":1.854387651,"remaining_time":1.76746323},
{"learn":[19.90013935],"iteration":512,"passed_time":1.857319792,"remaining_time":1.763186625},
{"learn":[19.90013526],"iteration":513,"passed_time":1.859875941,"remaining_time":1.758559742},
{"learn":[19.90013451],"iteration":514,"passed_time":1.862484649,"remaining_time":1.753990398},
{"learn":[19.90013397],"iteration":515,"passed_time":1.865157953,"remaining_time":1.749489243},
{"learn":[19.87706104],"iteration":516,"passed_time":1.870254732,"remaining_time":1.747259256},
{"learn":[19.87704962],"iteration":517,"passed_time":1.872840269,"remaining_time":1.742681485},
{"learn":[19.87703118],"iteration":518,"passed_time":1.875367219,"remaining_time":1.738057095},
{"learn":[19.87702426],"iteration":519,"passed_time":1.878047971,"remaining_time":1.733582742},
{"learn":[19.87701866],"iteration":520,"passed_time":1.880843543,"remaining_time":1.729220839},
{"learn":[19.87701406],"iteration":521,"passed_time":1.883417067,"remaining_time":1.724661605},
{"learn":[19.87701036],"iteration":522,"passed_time":1.886420412,"remaining_time":1.720501982},
{"learn":[19.87700735],"iteration":523,"passed_time":1.889183676,"remaining_time":1.716128682},
{"learn":[19.87700486],"iteration":524,"passed_time":1.892064198,"remaining_time":1.711867608},
{"learn":[19.87699775],"iteration":525,"passed_time":1.89495244,"remaining_time":1.707618739},
{"learn":[19.82502316],"iteration":526,"passed_time":1.899459378,"remaining_time":1.704827867},
{"learn":[19.82501364],"iteration":527,"passed_time":1.902348187,"remaining_time":1.700583985},
{"learn":[19.82501122],"iteration":528,"passed_time":1.905316691,"remaining_time":1.696416184},
{"learn":[19.82500942],"iteration":529,"passed_time":1.907942439,"remaining_time":1.691948955},
{"learn":[19.82500797],"iteration":530,"passed_time":1.910634144,"remaining_time":1.687546918},
{"learn":[19.82500228],"iteration":531,"passed_time":1.913338438,"remaining_time":1.683162385},
{"learn":[19.81278371],"iteration":532,"passed_time":1.918196777,"remaining_time":1.680671472},
{"learn":[19.81277959],"iteration":533,"passed_time":1.920945172,"remaining_time":1.676330431},
{"learn":[19.81277066],"iteration":534,"passed_time":1.923540415,"remaining_time":1.67186223},
{"learn":[19.79579964],"iteration":535,"passed_time":1.928176141,"remaining_time":1.669167406},
{"learn":[19.79579494],"iteration":536,"passed_time":1.930731732,"remaining_time":1.664671866},
{"learn":[19.79579435],"iteration":537,"passed_time":1.933294481,"remaining_time":1.660189685},
{"learn":[19.79579079],"iteration":538,"passed_time":1.936019397,"remaining_time":1.655853325},
{"learn":[19.77261539],"iteration":539,"passed_time":1.940587948,"remaining_time":1.653093438},
{"learn":[19.77260245],"iteration":540,"passed_time":1.943553722,"remaining_time":1.648967021},
{"learn":[19.77153553],"iteration":541,"passed_time":1.948421447,"remaining_time":1.646452072},
{"learn":[19.77152541],"iteration":542,"passed_time":1.951372481,"remaining_time":1.64231533},
{"learn":[19.7715172],"iteration":543,"passed_time":1.954274177,"remaining_time":1.63814159},
{"learn":[19.7640611],"iteration":544,"passed_time":1.958798695,"remaining_time":1.635327351},
{"learn":[19.75904725],"iteration":545,"passed_time":1.963156701,"remaining_time":1.632368393},
{"learn":[19.75904626],"iteration":546,"passed_time":1.965804866,"remaining_time":1.627988307},
{"learn":[19.75904143],"iteration":547,"passed_time":1.968374228,"remaining_time":1.623549546},
{"learn":[19.74317324],"iteration":548,"passed_time":1.972867421,"remaining_time":1.620698009},
{"learn":[19.74313617],"iteration":549,"passed_time":1.975766811,"remaining_time":1.616536482},
{"learn":[19.7431359],"iteration":550,"passed_time":1.97866079,"remaining_time":1.612375126},
{"learn":[19.68891858],"iteration":551,"passed_time":1.983087259,"remaining_time":1.609462123},
{"learn":[19.68891494],"iteration":552,"passed_time":1.985916172,"remaining_time":1.605252312},
{"learn":[19.68891264],"iteration":553,"passed_time":1.988521472,"remaining_time":1.600867467},
{"learn":[19.68333369],"iteration":554,"passed_time":1.993328248,"remaining_time":1.598254181},
{"learn":[19.68333283],"iteration":555,"passed_time":1.996209854,"remaining_time":1.594095639},
{"learn":[19.66762396],"iteration":556,"passed_time":2.00073336,"remaining_time":1.591247538},
{"learn":[19.66762035],"iteration":557,"passed_time":2.00340979,"remaining_time":1.586930335},
{"learn":[19.66761893],"iteration":558,"passed_time":2.006098493,"remaining_time":1.582628686},
{"learn":[19.6676124],"iteration":559,"passed_time":2.008793116,"remaining_time":1.578337448},
{"learn":[19.66760711],"iteration":560,"passed_time":2.011724781,"remaining_time":1.574237396},
{"learn":[19.66760282],"iteration":561,"passed_time":2.014500125,"remaining_time":1.570019671},
{"learn":[19.66760228],"iteration":562,"passed_time":2.016998722,"remaining_time":1.565592259},
{"learn":[19.66760185],"iteration":563,"passed_time":2.019651563,"remaining_time":1.561290924},
{"learn":[19.66759875],"iteration":564,"passed_time":2.022225886,"remaining_time":1.556934974},
{"learn":[19.66759623],"iteration":565,"passed_time":2.025001765,"remaining_time":1.552739869},
{"learn":[19.66759419],"iteration":566,"passed_time":2.02781671,"remaining_time":1.548579604},
{"learn":[19.66759254],"iteration":567,"passed_time":2.030424576,"remaining_time":1.544266579},
{"learn":[19.63048895],"iteration":568,"passed_time":2.035116127,"remaining_time":1.541537875},
{"learn":[19.63048097],"iteration":569,"passed_time":2.037829108,"remaining_time":1.537309678},
{"learn":[19.63047451],"iteration":570,"passed_time":2.040411454,"remaining_time":1.532988641},
{"learn":[19.63046927],"iteration":571,"passed_time":2.043322674,"remaining_time":1.528919763},
{"learn":[19.63046502],"iteration":572,"passed_time":2.045667988,"remaining_time":1.524433213},
{"learn":[19.63046439],"iteration":573,"passed_time":2.0483216,"remaining_time":1.52018293},
{"learn":[19.63046388],"iteration":574,"passed_time":2.050463854,"remaining_time":1.51556024},
{"learn":[19.63046086],"iteration":575,"passed_time":2.05308826,"remaining_time":1.51130108},
{"learn":[19.63046059],"iteration":576,"passed_time":2.055691517,"remaining_time":1.507032083},
{"learn":[19.6099191],"iteration":577,"passed_time":2.060672598,"remaining_time":1.504504907},
{"learn":[19.609917],"iteration":578,"passed_time":2.063470968,"remaining_time":1.500382172},
{"learn":[19.60991062],"iteration":579,"passed_time":2.067568003,"remaining_time":1.497204416},
{"learn":[19.60990545],"iteration":580,"passed_time":2.070274253,"remaining_time":1.493020502},
{"learn":[19.60990126],"iteration":581,"passed_time":2.073267667,"remaining_time":1.489047912},
{"learn":[19.60989786],"iteration":582,"passed_time":2.075878097,"remaining_time":1.484804745},
{"learn":[19.6098951],"iteration":583,"passed_time":2.07871368,"remaining_time":1.480727553},
{"learn":[19.60989498],"iteration":584,"passed_time":2.081369732,"remaining_time":1.476527246},
{"learn":[19.60989282],"iteration":585,"passed_time":2.083948778,"remaining_time":1.472277805},
{"learn":[19.60989107],"iteration":586,"passed_time":2.086637566,"remaining_time":1.468111269},
{"learn":[19.60989103],"iteration":587,"passed_time":2.090130654,"remaining_time":1.464513315},
{"learn":[19.6098896],"iteration":588,"passed_time":2.094992381,"remaining_time":1.461870745},
{"learn":[19.60988845],"iteration":589,"passed_time":2.097384554,"remaining_time":1.457504521},
{"learn":[19.60567582],"iteration":590,"passed_time":2.102013251,"remaining_time":1.454692757},
{"learn":[19.60567515],"iteration":591,"passed_time":2.104909603,"remaining_time":1.450680942},
{"learn":[19.59817433],"iteration":592,"passed_time":2.11096492,"remaining_time":1.448841016},
{"learn":[19.59817418],"iteration":593,"passed_time":2.113576174,"remaining_time":1.444632873},
{"learn":[19.59817405],"iteration":594,"passed_time":2.116210065,"remaining_time":1.440445507},
{"learn":[19.59817395],"iteration":595,"passed_time":2.118834458,"remaining_time":1.436256915},
{"learn":[19.59817387],"iteration":596,"passed_time":2.121718013,"remaining_time":1.432248508},
{"learn":[19.59817381],"iteration":597,"passed_time":2.124396827,"remaining_time":1.428106228},
{"learn":[19.59817375],"iteration":598,"passed_time":2.126926524,"remaining_time":1.423869008},
{"learn":[19.59817371],"iteration":599,"passed_time":2.12977152,"remaining_time":1.41984768},
{"learn":[19.59817368],"iteration":600,"passed_time":2.132388568,"remaining_time":1.415678933},
{"learn":[19.59817365],"iteration":601,"passed_time":2.1349145,"remaining_time":1.411455101},
{"learn":[19.59817363],"iteration":602,"passed_time":2.137679942,"remaining_time":1.407394589},
{"learn":[19.59817361],"iteration":603,"passed_time":2.140277079,"remaining_time":1.403228019},
{"learn":[19.59817359],"iteration":604,"passed_time":2.14319027,"remaining_time":1.399272986},
{"learn":[19.59817358],"iteration":605,"passed_time":2.145995607,"remaining_time":1.395251269},
{"learn":[19.59817357],"iteration":606,"passed_time":2.148769339,"remaining_time":1.391213097},
{"learn":[19.59817356],"iteration":607,"passed_time":2.151672091,"remaining_time":1.387262269},
{"learn":[19.59817356],"iteration":608,"passed_time":2.154233537,"remaining_time":1.383095752},
{"learn":[19.59817355],"iteration":609,"passed_time":2.157002885,"remaining_time":1.379067418},
{"learn":[19.59817355],"iteration":610,"passed_time":2.159584305,"remaining_time":1.374923559},
{"learn":[19.59817354],"iteration":611,"passed_time":2.162237297,"remaining_time":1.370830182},
{"learn":[19.58458127],"iteration":612,"passed_time":2.167079665,"remaining_time":1.368123704},
{"learn":[19.58458077],"iteration":613,"passed_time":2.169812461,"remaining_time":1.364084055},
{"learn":[19.58458037],"iteration":614,"passed_time":2.172460626,"remaining_time":1.359995676},
{"learn":[19.58458004],"iteration":615,"passed_time":2.175006276,"remaining_time":1.355848068},
{"learn":[19.58457977],"iteration":616,"passed_time":2.177387263,"remaining_time":1.351603439},
{"learn":[19.58457956],"iteration":617,"passed_time":2.179981726,"remaining_time":1.347496795},
{"learn":[19.58457938],"iteration":618,"passed_time":2.182638522,"remaining_time":1.343433404},
{"learn":[19.56546072],"iteration":619,"passed_time":2.187205333,"remaining_time":1.340545204},
{"learn":[19.56546052],"iteration":620,"passed_time":2.190026048,"remaining_time":1.336585945},
{"learn":[19.56546035],"iteration":621,"passed_time":2.192428067,"remaining_time":1.332375899},
{"learn":[19.56546022],"iteration":622,"passed_time":2.195040354,"remaining_time":1.328298898},
{"learn":[19.56546011],"iteration":623,"passed_time":2.197621202,"remaining_time":1.324207647},
{"learn":[19.56546002],"iteration":624,"passed_time":2.200673082,"remaining_time":1.320403849},
{"learn":[19.56545994],"iteration":625,"passed_time":2.203424946,"remaining_time":1.316423211},
{"learn":[19.56545989],"iteration":626,"passed_time":2.206652164,"remaining_time":1.312729278},
{"learn":[19.56545984],"iteration":627,"passed_time":2.209457746,"remaining_time":1.308787072},
{"learn":[19.5654598],"iteration":628,"passed_time":2.212060918,"remaining_time":1.304729094},
{"learn":[19.56545977],"iteration":629,"passed_time":2.215128206,"remaining_time":1.300948312},
{"learn":[19.56545974],"iteration":630,"passed_time":2.217800549,"remaining_time":1.296938831},
{"learn":[19.55280753],"iteration":631,"passed_time":2.222376359,"remaining_time":1.294041931},
{"learn":[19.55280705],"iteration":632,"passed_time":2.225089966,"remaining_time":1.290060059},
{"learn":[19.55280666],"iteration":633,"passed_time":2.227539914,"remaining_time":1.285929982},
{"learn":[19.55280635],"iteration":634,"passed_time":2.230625743,"remaining_time":1.282170703},
{"learn":[19.55280609],"iteration":635,"passed_time":2.233375015,"remaining_time":1.278220921},
{"learn":[19.55280588],"iteration":636,"passed_time":2.236046995,"remaining_time":1.274230862},
{"learn":[19.55280571],"iteration":637,"passed_time":2.238614685,"remaining_time":1.270185762},
{"learn":[19.55280558],"iteration":638,"passed_time":2.241084706,"remaining_time":1.266090108},
{"learn":[19.55280547],"iteration":639,"passed_time":2.243637984,"remaining_time":1.262046366},
{"learn":[19.55280538],"iteration":640,"passed_time":2.246844067,"remaining_time":1.258372886},
{"learn":[19.5528053],"iteration":641,"passed_time":2.249488538,"remaining_time":1.254387689},
{"learn":[19.55280525],"iteration":642,"passed_time":2.252171022,"remaining_time":1.250427768},
{"learn":[19.5528052],"iteration":643,"passed_time":2.254951095,"remaining_time":1.246525761},
{"learn":[19.55280516],"iteration":644,"passed_time":2.257654696,"remaining_time":1.242585143},
{"learn":[19.55280513],"iteration":645,"passed_time":2.260491694,"remaining_time":1.238721455},
{"learn":[19.5528051],"iteration":646,"passed_time":2.26315201,"remaining_time":1.234764544},
{"learn":[19.55280508],"iteration":647,"passed_time":2.265624126,"remaining_time":1.230709402},
{"learn":[19.55280506],"iteration":648,"passed_time":2.268447375,"remaining_time":1.226849043},
{"learn":[19.55280505],"iteration":649,"passed_time":2.271181588,"remaining_time":1.222943932},
{"learn":[19.55280504],"iteration":650,"passed_time":2.273777651,"remaining_time":1.218968357},
{"learn":[19.55280503],"iteration":651,"passed_time":2.276911315,"remaining_time":1.215283953},
{"learn":[19.55280502],"iteration":652,"passed_time":2.279560208,"remaining_time":1.211343633},
{"learn":[19.55280502],"iteration":653,"passed_time":2.282200613,"remaining_time":1.207402771},
{"learn":[19.55280501],"iteration":654,"passed_time":2.284333473,"remaining_time":1.203198547},
{"learn":[19.55280501],"iteration":655,"passed_time":2.287162676,"remaining_time":1.199365793},
{"learn":[19.55280501],"iteration":656,"passed_time":2.289617752,"remaining_time":1.195340775},
{"learn":[19.552805],"iteration":657,"passed_time":2.292371585,"remaining_time":1.191475809},
{"learn":[19.552805],"iteration":658,"passed_time":2.294654012,"remaining_time":1.187370285},
{"learn":[19.552805],"iteration":659,"passed_time":2.297545373,"remaining_time":1.18358398},
{"learn":[19.552805],"iteration":660,"passed_time":2.300258318,"remaining_time":1.17970888},
{"learn":[19.552805],"iteration":661,"passed_time":2.303074425,"remaining_time":1.175889963},
{"learn":[19.552805],"iteration":662,"passed_time":2.305628886,"remaining_time":1.171941078},
{"learn":[19.552805],"iteration":663,"passed_time":2.308519654,"remaining_time":1.168166572},
{"learn":[19.552805],"iteration":664,"passed_time":2.311225794,"remaining_time":1.164301716},
{"learn":[19.55280499],"iteration":665,"passed_time":2.313342916,"remaining_time":1.160144946},
{"learn":[19.55280499],"iteration":666,"passed_time":2.316416092,"remaining_time":1.156471602},
{"learn":[19.55280499],"iteration":667,"passed_time":2.319061834,"remaining_time":1.152587618},
{"learn":[19.55280499],"iteration":668,"passed_time":2.321601414,"remaining_time":1.14865481},
{"learn":[19.55280499],"iteration":669,"passed_time":2.324407028,"remaining_time":1.144857193},
{"learn":[19.55280499],"iteration":670,"passed_time":2.327017466,"remaining_time":1.140966835},
{"learn":[19.55280499],"iteration":671,"passed_time":2.329798092,"remaining_time":1.137163354},
{"learn":[19.55280499],"iteration":672,"passed_time":2.332353815,"remaining_time":1.133253637},
{"learn":[19.55280499],"iteration":673,"passed_time":2.335046622,"remaining_time":1.129414241},
{"learn":[19.54934107],"iteration":674,"passed_time":2.340321246,"remaining_time":1.126821341},
{"learn":[19.54931209],"iteration":675,"passed_time":2.343198111,"remaining_time":1.123071284},
{"learn":[19.54931201],"iteration":676,"passed_time":2.346009628,"remaining_time":1.119292629},
{"learn":[19.54931195],"iteration":677,"passed_time":2.348236557,"remaining_time":1.115239191},
{"learn":[19.5493119],"iteration":678,"passed_time":2.350708841,"remaining_time":1.111307125},
{"learn":[19.54931186],"iteration":679,"passed_time":2.353158997,"remaining_time":1.10736894},
{"learn":[19.54754958],"iteration":680,"passed_time":2.357213106,"remaining_time":1.104186462},
{"learn":[19.53019683],"iteration":681,"passed_time":2.361575119,"remaining_time":1.101144997},
{"learn":[19.52996089],"iteration":682,"passed_time":2.364589173,"remaining_time":1.097474038},
{"learn":[19.52328104],"iteration":683,"passed_time":2.369212927,"remaining_time":1.094548662},
{"learn":[19.52259179],"iteration":684,"passed_time":2.374082875,"remaining_time":1.091731541},
{"learn":[19.52000298],"iteration":685,"passed_time":2.378428629,"remaining_time":1.088668498},
{"learn":[19.49165848],"iteration":686,"passed_time":2.382887124,"remaining_time":1.085653085},
{"learn":[19.45793676],"iteration":687,"passed_time":2.387593208,"remaining_time":1.082745757},
{"learn":[19.45792524],"iteration":688,"passed_time":2.390300494,"remaining_time":1.078930992},
{"learn":[19.45792466],"iteration":689,"passed_time":2.393067481,"remaining_time":1.07514626},
{"learn":[19.42909021],"iteration":690,"passed_time":2.397852938,"remaining_time":1.072267088},
{"learn":[19.4290897],"iteration":691,"passed_time":2.400564197,"remaining_time":1.068459209},
{"learn":[19.42907959],"iteration":692,"passed_time":2.404018994,"remaining_time":1.064983883},
{"learn":[19.42907926],"iteration":693,"passed_time":2.406614992,"remaining_time":1.061129953},
{"learn":[19.42907899],"iteration":694,"passed_time":2.409225571,"remaining_time":1.057286042},
{"learn":[19.42907877],"iteration":695,"passed_time":2.411973176,"remaining_time":1.053505525},
{"learn":[19.42907859],"iteration":696,"passed_time":2.414540235,"remaining_time":1.049649485},
{"learn":[19.42907845],"iteration":697,"passed_time":2.417316423,"remaining_time":1.045887622},
{"learn":[19.42250446],"iteration":698,"passed_time":2.42171748,"remaining_time":1.042828271},
{"learn":[19.41862899],"iteration":699,"passed_time":2.426430544,"remaining_time":1.039898804},
{"learn":[19.39209055],"iteration":700,"passed_time":2.430566253,"remaining_time":1.036717988},
{"learn":[19.39209017],"iteration":701,"passed_time":2.433601644,"remaining_time":1.033067365},
{"learn":[19.38866635],"iteration":702,"passed_time":2.438269642,"remaining_time":1.030108227},
{"learn":[19.38866578],"iteration":703,"passed_time":2.440925683,"remaining_time":1.026298299},
{"learn":[19.35185895],"iteration":704,"passed_time":2.445903244,"remaining_time":1.023463059},
{"learn":[19.3258877],"iteration":705,"passed_time":2.451193674,"remaining_time":1.02075204},
{"learn":[19.32588286],"iteration":706,"passed_time":2.453921175,"remaining_time":1.016971576},
{"learn":[19.32587894],"iteration":707,"passed_time":2.456680528,"remaining_time":1.013207223},
{"learn":[19.32587576],"iteration":708,"passed_time":2.459362334,"remaining_time":1.009413877},
{"learn":[19.32568349],"iteration":709,"passed_time":2.463160976,"remaining_time":1.006079835},
{"learn":[19.32568123],"iteration":710,"passed_time":2.466033484,"remaining_time":1.002368041},
{"learn":[19.3256794],"iteration":711,"passed_time":2.468679918,"remaining_time":0.9985671578},
{"learn":[19.32567791],"iteration":712,"passed_time":2.471318711,"remaining_time":0.9947664375},
{"learn":[19.32567671],"iteration":713,"passed_time":2.473951875,"remaining_time":0.9909667173},
{"learn":[19.32567573],"iteration":714,"passed_time":2.476643902,"remaining_time":0.9871937231},
{"learn":[19.32567494],"iteration":715,"passed_time":2.4795213,"remaining_time":0.9834972754},
{"learn":[19.3256743],"iteration":716,"passed_time":2.482381585,"remaining_time":0.979796358},
{"learn":[19.32567378],"iteration":717,"passed_time":2.484955695,"remaining_time":0.9759853842},
{"learn":[19.32567335],"iteration":718,"passed_time":2.487540533,"remaining_time":0.9721820443},
{"learn":[19.32567301],"iteration":719,"passed_time":2.490151501,"remaining_time":0.9683922505},
{"learn":[19.32567273],"iteration":720,"passed_time":2.492692555,"remaining_time":0.9645786727},
{"learn":[19.32567251],"iteration":721,"passed_time":2.495814069,"remaining_time":0.9609921206},
{"learn":[19.32567232],"iteration":722,"passed_time":2.498572175,"remaining_time":0.9572676245},
{"learn":[19.32567218],"iteration":723,"passed_time":2.501301254,"remaining_time":0.9535347322},
{"learn":[19.30975829],"iteration":724,"passed_time":2.505706414,"remaining_time":0.9504403638},
{"learn":[19.30975795],"iteration":725,"passed_time":2.508599521,"remaining_time":0.94677172},
{"learn":[19.30975766],"iteration":726,"passed_time":2.511422959,"remaining_time":0.9430790479},
{"learn":[19.30975744],"iteration":727,"passed_time":2.51421541,"remaining_time":0.9393771861},
{"learn":[19.30975725],"iteration":728,"passed_time":2.516686635,"remaining_time":0.9355584062},
{"learn":[19.3097571],"iteration":729,"passed_time":2.519290347,"remaining_time":0.9317923202},
{"learn":[19.30975698],"iteration":730,"passed_time":2.52168248,"remaining_time":0.9279515555},
{"learn":[19.30975688],"iteration":731,"passed_time":2.523842342,"remaining_time":0.9240297099},
{"learn":[19.3097568],"iteration":732,"passed_time":2.526144242,"remaining_time":0.9201644102},
{"learn":[19.30975673],"iteration":733,"passed_time":2.529077625,"remaining_time":0.9165322184},
{"learn":[19.3031862],"iteration":734,"passed_time":2.533944941,"remaining_time":0.9135991965},
{"learn":[19.30318592],"iteration":735,"passed_time":2.536619981,"remaining_time":0.9098745586},
{"learn":[19.30318569],"iteration":736,"passed_time":2.539336546,"remaining_time":0.9061675871},
{"learn":[19.30318551],"iteration":737,"passed_time":2.541810747,"remaining_time":0.902377257},
{"learn":[19.30318535],"iteration":738,"passed_time":2.544687318,"remaining_time":0.8987325981},
{"learn":[19.30318523],"iteration":739,"passed_time":2.547316224,"remaining_time":0.8950029975},
{"learn":[19.30318513],"iteration":740,"passed_time":2.54992898,"remaining_time":0.8912707232},
{"learn":[19.30318505],"iteration":741,"passed_time":2.552677852,"remaining_time":0.887588795},
{"learn":[19.30318499],"iteration":742,"passed_time":2.558485211,"remaining_time":0.8849672937},
{"learn":[19.30318494],"iteration":743,"passed_time":2.561359708,"remaining_time":0.8813280716},
{"learn":[19.30318179],"iteration":744,"passed_time":2.564238614,"remaining_time":0.8776924114},
{"learn":[19.2976249],"iteration":745,"passed_time":2.568402843,"remaining_time":0.8744964102},
{"learn":[19.28312792],"iteration":746,"passed_time":2.574227837,"remaining_time":0.8718602983},
{"learn":[19.28312717],"iteration":747,"passed_time":2.576868349,"remaining_time":0.8681428127},
{"learn":[19.28312656],"iteration":748,"passed_time":2.579633441,"remaining_time":0.8644699515},
{"learn":[19.28312607],"iteration":749,"passed_time":2.584874334,"remaining_time":0.861624778},
{"learn":[19.27969503],"iteration":750,"passed_time":2.589422963,"remaining_time":0.8585436989},
{"learn":[19.26201404],"iteration":751,"passed_time":2.594111329,"remaining_time":0.8555048001},
{"learn":[19.26201062],"iteration":752,"passed_time":2.597059607,"remaining_time":0.8518907344},
{"learn":[19.24719712],"iteration":753,"passed_time":2.601825948,"remaining_time":0.8488715957},
{"learn":[19.22277157],"iteration":754,"passed_time":2.607039889,"remaining_time":0.8459930767},
{"learn":[19.20676315],"iteration":755,"passed_time":2.611278777,"remaining_time":0.8427936794},
{"learn":[19.20676214],"iteration":756,"passed_time":2.613961559,"remaining_time":0.8390920197},
{"learn":[19.20676132],"iteration":757,"passed_time":2.616590189,"remaining_time":0.8353757597},
{"learn":[19.20605863],"iteration":758,"passed_time":2.620696792,"remaining_time":0.8321316561},
{"learn":[19.17668382],"iteration":759,"passed_time":2.625028201,"remaining_time":0.8289562741},
{"learn":[19.15687308],"iteration":760,"passed_time":2.629798913,"remaining_time":0.8259158214},
{"learn":[19.15182178],"iteration":761,"passed_time":2.634387616,"remaining_time":0.8228139797},
{"learn":[19.15176063],"iteration":762,"passed_time":2.638222137,"remaining_time":0.8194739796},
{"learn":[19.13661435],"iteration":763,"passed_time":2.642455153,"remaining_time":0.8162557802},
{"learn":[19.13173061],"iteration":764,"passed_time":2.647267143,"remaining_time":0.8132127825},
{"learn":[19.13170116],"iteration":765,"passed_time":2.650270146,"remaining_time":0.8096125511},
{"learn":[19.13154286],"iteration":766,"passed_time":2.653127212,"remaining_time":0.805969544},
{"learn":[19.13151376],"iteration":767,"passed_time":2.656251982,"remaining_time":0.8024094527},
{"learn":[19.1313842],"iteration":768,"passed_time":2.659066654,"remaining_time":0.7987573434},
{"learn":[19.11998843],"iteration":769,"passed_time":2.663504299,"remaining_time":0.7955921932},
{"learn":[19.11996988],"iteration":770,"passed_time":2.666448288,"remaining_time":0.791980101},
{"learn":[19.11992835],"iteration":771,"passed_time":2.669943148,"remaining_time":0.7885324322},
{"learn":[19.11992744],"iteration":772,"passed_time":2.672545718,"remaining_time":0.7848226106},
{"learn":[19.11991646],"iteration":773,"passed_time":2.675155546,"remaining_time":0.7811177691},
{"learn":[19.11936016],"iteration":774,"passed_time":2.680563235,"remaining_time":0.7782280359},
{"learn":[19.1189357],"iteration":775,"passed_time":2.685177823,"remaining_time":0.7751028767},
{"learn":[19.10916475],"iteration":776,"passed_time":2.689759468,"remaining_time":0.771964429},
{"learn":[19.10379365],"iteration":777,"passed_time":2.694419159,"remaining_time":0.7688445415},
{"learn":[19.10379295],"iteration":778,"passed_time":2.697047482,"remaining_time":0.7651444076},
{"learn":[19.10377952],"iteration":779,"passed_time":2.700024669,"remaining_time":0.7615454195},
{"learn":[19.06925639],"iteration":780,"passed_time":2.704666856,"remaining_time":0.7584149059},
{"learn":[19.06918706],"iteration":781,"passed_time":2.707650653,"remaining_time":0.7548182127},
{"learn":[19.06859757],"iteration":782,"passed_time":2.711862872,"remaining_time":0.751563529},
{"learn":[19.06858007],"iteration":783,"passed_time":2.714989337,"remaining_time":0.7480072664},
{"learn":[19.06855268],"iteration":784,"passed_time":2.718376006,"remaining_time":0.7445233647},
{"learn":[19.06180151],"iteration":785,"passed_time":2.723015514,"remaining_time":0.7413808142},
{"learn":[19.06179806],"iteration":786,"passed_time":2.725890192,"remaining_time":0.7377568117},
{"learn":[19.05322635],"iteration":787,"passed_time":2.730308384,"remaining_time":0.7345499713},
{"learn":[19.05322573],"iteration":788,"passed_time":2.733256781,"remaining_time":0.7309469971},
{"learn":[19.05320834],"iteration":789,"passed_time":2.736229457,"remaining_time":0.7273521341},
{"learn":[19.05320793],"iteration":790,"passed_time":2.738871725,"remaining_time":0.7236715429},
{"learn":[19.0532076],"iteration":791,"passed_time":2.741452521,"remaining_time":0.7199774297},
{"learn":[19.05242509],"iteration":792,"passed_time":2.744295424,"remaining_time":0.7163545433},
{"learn":[19.0524249],"iteration":793,"passed_time":2.747428088,"remaining_time":0.7128087987},
{"learn":[19.05241139],"iteration":794,"passed_time":2.750178981,"remaining_time":0.7091656493},
{"learn":[19.05230197],"iteration":795,"passed_time":2.752888212,"remaining_time":0.7055140643},
{"learn":[19.0515429],"iteration":796,"passed_time":2.757327651,"remaining_time":0.7023055372},
{"learn":[19.04499342],"iteration":797,"passed_time":2.762316469,"remaining_time":0.699232991},
{"learn":[19.04499333],"iteration":798,"passed_time":2.765106356,"remaining_time":0.695602475},
{"learn":[19.02542734],"iteration":799,"passed_time":2.769338147,"remaining_time":0.6923345367},
{"learn":[19.02542716],"iteration":800,"passed_time":2.772033538,"remaining_time":0.6886824896},
{"learn":[19.02346755],"iteration":801,"passed_time":2.776770852,"remaining_time":0.6855369435},
{"learn":[19.02341048],"iteration":802,"passed_time":2.780535718,"remaining_time":0.6821488624},
{"learn":[19.01416561],"iteration":803,"passed_time":2.785048948,"remaining_time":0.6789422809},
{"learn":[19.00684225],"iteration":804,"passed_time":2.789683544,"remaining_time":0.6757618524},
{"learn":[19.0050335],"iteration":805,"passed_time":2.794493228,"remaining_time":0.6726199581},
{"learn":[19.00500271],"iteration":806,"passed_time":2.797208809,"remaining_time":0.6689731105},
{"learn":[19.00300936],"iteration":807,"passed_time":2.801858098,"remaining_time":0.665788063},
{"learn":[18.99934739],"iteration":808,"passed_time":2.806375128,"remaining_time":0.66256817},
{"learn":[18.98919973],"iteration":809,"passed_time":2.81052278,"remaining_time":0.6592584298},
{"learn":[18.96424402],"iteration":810,"passed_time":2.814876907,"remaining_time":0.6559947416},
{"learn":[18.9383057],"iteration":811,"passed_time":2.820652497,"remaining_time":0.6530574746},
{"learn":[18.9383041],"iteration":812,"passed_time":2.823336038,"remaining_time":0.6494020162},
{"learn":[18.93830345],"iteration":813,"passed_time":2.826286092,"remaining_time":0.6458098442},
{"learn":[18.9383022],"iteration":814,"passed_time":2.829066354,"remaining_time":0.642180706},
{"learn":[18.92909598],"iteration":815,"passed_time":2.833501683,"remaining_time":0.6389268501},
{"learn":[18.92908209],"iteration":816,"passed_time":2.836815275,"remaining_time":0.6354188438},
{"learn":[18.91768042],"iteration":817,"passed_time":2.841578088,"remaining_time":0.6322337556},
{"learn":[18.91767535],"iteration":818,"passed_time":2.844778002,"remaining_time":0.6286994119},
{"learn":[18.91766952],"iteration":819,"passed_time":2.847332836,"remaining_time":0.625024281},
{"learn":[18.91766708],"iteration":820,"passed_time":2.849975476,"remaining_time":0.6213710234},
{"learn":[18.91764814],"iteration":821,"passed_time":2.853264215,"remaining_time":0.6178601341},
{"learn":[18.91764588],"iteration":822,"passed_time":2.856235949,"remaining_time":0.6142816076},
{"learn":[18.88586609],"iteration":823,"passed_time":2.860825905,"remaining_time":0.6110501934},
{"learn":[18.87653162],"iteration":824,"passed_time":2.864468183,"remaining_time":0.607614463},
{"learn":[18.87648015],"iteration":825,"passed_time":2.867196465,"remaining_time":0.603985696},
{"learn":[18.87647723],"iteration":826,"passed_time":2.869776207,"remaining_time":0.6003280337},
{"learn":[18.87647484],"iteration":827,"passed_time":2.872939107,"remaining_time":0.5967941139},
{"learn":[18.87647287],"iteration":828,"passed_time":2.875685213,"remaining_time":0.5931751164},
{"learn":[18.87647217],"iteration":829,"passed_time":2.878245514,"remaining_time":0.5895201656},
{"learn":[18.87642536],"iteration":830,"passed_time":2.880869661,"remaining_time":0.5858808335},
{"learn":[18.87638349],"iteration":831,"passed_time":2.883623412,"remaining_time":0.5822701121},
{"learn":[18.87638195],"iteration":832,"passed_time":2.886157524,"remaining_time":0.5786174149},
{"learn":[18.87634793],"iteration":833,"passed_time":2.888937238,"remaining_time":0.5750162847},
{"learn":[18.87457434],"iteration":834,"passed_time":2.893666181,"remaining_time":0.5718022993},
{"learn":[18.86935109],"iteration":835,"passed_time":2.898335875,"remaining_time":0.5685730664},
{"learn":[18.86653177],"iteration":836,"passed_time":2.903151418,"remaining_time":0.5653687946},
{"learn":[18.84473981],"iteration":837,"passed_time":2.907814095,"remaining_time":0.5621311257},
{"learn":[18.84473616],"iteration":838,"passed_time":2.910352303,"remaining_time":0.5584823847},
{"learn":[18.84014726],"iteration":839,"passed_time":2.914683876,"remaining_time":0.5551778812},
{"learn":[18.83989715],"iteration":840,"passed_time":2.927799613,"remaining_time":0.5535316747},
{"learn":[18.83989636],"iteration":841,"passed_time":2.930726152,"remaining_time":0.5499462375},
{"learn":[18.83989472],"iteration":842,"passed_time":2.933733402,"remaining_time":0.5463773951},
{"learn":[18.83988832],"iteration":843,"passed_time":2.93801647,"remaining_time":0.5430456982},
{"learn":[18.83986169],"iteration":844,"passed_time":2.940868316,"remaining_time":0.5394492177},
{"learn":[18.83986049],"iteration":845,"passed_time":2.943538845,"remaining_time":0.5358214919},
{"learn":[18.83023632],"iteration":846,"passed_time":2.948815759,"remaining_time":0.5326668372},
{"learn":[18.83023274],"iteration":847,"passed_time":2.951928234,"remaining_time":0.5291192117},
{"learn":[18.83022984],"iteration":848,"passed_time":2.955859274,"remaining_time":0.5257181982},
{"learn":[18.83020509],"iteration":849,"passed_time":2.959387416,"remaining_time":0.5222448382},
{"learn":[18.83018502],"iteration":850,"passed_time":2.96214279,"remaining_time":0.5186360467},
{"learn":[18.83018027],"iteration":851,"passed_time":2.966924889,"remaining_time":0.5153813187},
{"learn":[18.83017874],"iteration":852,"passed_time":2.969899016,"remaining_time":0.5118114364},
{"learn":[18.83017486],"iteration":853,"passed_time":2.973264176,"remaining_time":0.5083098006},
{"learn":[18.82235687],"iteration":854,"passed_time":2.978347072,"remaining_time":0.5050997959},
{"learn":[18.80730803],"iteration":855,"passed_time":2.983692811,"remaining_time":0.5019296318},
{"learn":[18.79819043],"iteration":856,"passed_time":2.988749065,"remaining_time":0.4987060866},
{"learn":[18.79800048],"iteration":857,"passed_time":2.993585501,"remaining_time":0.4954418895},
{"learn":[18.79799489],"iteration":858,"passed_time":2.997404581,"remaining_time":0.4920070383},
{"learn":[18.7828846],"iteration":859,"passed_time":3.002288903,"remaining_time":0.4887447051},
{"learn":[18.7764888],"iteration":860,"passed_time":3.007524905,"remaining_time":0.4855353795},
{"learn":[18.77644309],"iteration":861,"passed_time":3.011395701,"remaining_time":0.482102792},
{"learn":[18.77640602],"iteration":862,"passed_time":3.014868041,"remaining_time":0.4786059346},
{"learn":[18.77637595],"iteration":863,"passed_time":3.017602948,"remaining_time":0.4749930567},
{"learn":[18.77629188],"iteration":864,"passed_time":3.022260247,"remaining_time":0.471682235},
{"learn":[18.73577892],"iteration":865,"passed_time":3.027282642,"remaining_time":0.4684247969},
{"learn":[18.73153102],"iteration":866,"passed_time":3.032338355,"remaining_time":0.4651683982},
{"learn":[18.72360347],"iteration":867,"passed_time":3.037158774,"remaining_time":0.4618720716},
{"learn":[18.72360346],"iteration":868,"passed_time":3.03986788,"remaining_time":0.4582539611},
{"learn":[18.72360152],"iteration":869,"passed_time":3.042728935,"remaining_time":0.4546606454},
{"learn":[18.71579639],"iteration":870,"passed_time":3.04649173,"remaining_time":0.4512025639},
{"learn":[18.71579421],"iteration":871,"passed_time":3.049887788,"remaining_time":0.4476899505},
{"learn":[18.71579022],"iteration":872,"passed_time":3.053016607,"remaining_time":0.4441387275},
{"learn":[18.71579006],"iteration":873,"passed_time":3.056501035,"remaining_time":0.4406397373},
{"learn":[18.7023919],"iteration":874,"passed_time":3.061771166,"remaining_time":0.4373958808},
{"learn":[18.70138553],"iteration":875,"passed_time":3.06683918,"remaining_time":0.4341187881},
{"learn":[18.67505872],"iteration":876,"passed_time":3.071774794,"remaining_time":0.4308190419},
{"learn":[18.67505673],"iteration":877,"passed_time":3.074834756,"remaining_time":0.4272549434},
{"learn":[18.67505516],"iteration":878,"passed_time":3.077919533,"remaining_time":0.4236954079},
{"learn":[18.6750539],"iteration":879,"passed_time":3.080998696,"remaining_time":0.4201361859},
{"learn":[18.67505299],"iteration":880,"passed_time":3.083864126,"remaining_time":0.4165491839},
{"learn":[18.67505215],"iteration":881,"passed_time":3.087146488,"remaining_time":0.4130195981},
{"learn":[18.67505138],"iteration":882,"passed_time":3.090206551,"remaining_time":0.4094611171},
{"learn":[18.67505075],"iteration":883,"passed_time":3.093542219,"remaining_time":0.4059399291},
{"learn":[18.66867423],"iteration":884,"passed_time":3.098546477,"remaining_time":0.4026359829},
{"learn":[18.66867302],"iteration":885,"passed_time":3.101422405,"remaining_time":0.39905435},
{"learn":[18.66860154],"iteration":886,"passed_time":3.105270494,"remaining_time":0.3955981577},
{"learn":[18.65354917],"iteration":887,"passed_time":3.110587236,"remaining_time":0.3923263181},
{"learn":[18.65354785],"iteration":888,"passed_time":3.113870648,"remaining_time":0.3887959976},
{"learn":[18.65354522],"iteration":889,"passed_time":3.117106358,"remaining_time":0.3852603363},
{"learn":[18.64399373],"iteration":890,"passed_time":3.122251388,"remaining_time":0.381958924},
{"learn":[18.64399284],"iteration":891,"passed_time":3.125092936,"remaining_time":0.378374481},
{"learn":[18.64399216],"iteration":892,"passed_time":3.127841333,"remaining_time":0.3747805404},
{"learn":[18.64399157],"iteration":893,"passed_time":3.130445003,"remaining_time":0.3711713315},
{"learn":[18.6439911],"iteration":894,"passed_time":3.133400381,"remaining_time":0.3676056313},
{"learn":[18.64397572],"iteration":895,"passed_time":3.136221441,"remaining_time":0.364025703},
{"learn":[18.6352381],"iteration":896,"passed_time":3.14151332,"remaining_time":0.3607311838},
{"learn":[18.63521991],"iteration":897,"passed_time":3.144690978,"remaining_time":0.357192071},
{"learn":[18.63521988],"iteration":898,"passed_time":3.147619989,"remaining_time":0.3536258275},
{"learn":[18.63439761],"iteration":899,"passed_time":3.15304703,"remaining_time":0.3503385589},
{"learn":[18.63439742],"iteration":900,"passed_time":3.156184986,"remaining_time":0.3467950207},
{"learn":[18.63439739],"iteration":901,"passed_time":3.159021647,"remaining_time":0.3432196468},
{"learn":[18.63433088],"iteration":902,"passed_time":3.162862556,"remaining_time":0.3397537851},
{"learn":[18.63433086],"iteration":903,"passed_time":3.165881228,"remaining_time":0.3361997764},
{"learn":[18.63433084],"iteration":904,"passed_time":3.169305068,"remaining_time":0.3326894822},
{"learn":[18.63433082],"iteration":905,"passed_time":3.172322877,"remaining_time":0.3291372522},
{"learn":[18.6227164],"iteration":906,"passed_time":3.177541295,"remaining_time":0.3258118418},
{"learn":[18.62271633],"iteration":907,"passed_time":3.180477103,"remaining_time":0.3222509841},
{"learn":[18.62271627],"iteration":908,"passed_time":3.184138894,"remaining_time":0.3187641797},
{"learn":[18.60613545],"iteration":909,"passed_time":3.189108102,"remaining_time":0.3154062958},
{"learn":[18.606125],"iteration":910,"passed_time":3.192206139,"remaining_time":0.3118620706},
{"learn":[18.6052462],"iteration":911,"passed_time":3.196638265,"remaining_time":0.3084475519},
{"learn":[18.59673779],"iteration":912,"passed_time":3.202176077,"remaining_time":0.305136165},
{"learn":[18.59673678],"iteration":913,"passed_time":3.204904489,"remaining_time":0.3015555646},
{"learn":[18.59673595],"iteration":914,"passed_time":3.207538218,"remaining_time":0.2979680312},
{"learn":[18.59673035],"iteration":915,"passed_time":3.210227559,"remaining_time":0.2943876801},
{"learn":[18.59672574],"iteration":916,"passed_time":3.213659003,"remaining_time":0.290876442},
{"learn":[18.59672392],"iteration":917,"passed_time":3.216971284,"remaining_time":0.2873547334},
{"learn":[18.59672243],"iteration":918,"passed_time":3.219755707,"remaining_time":0.2837869557},
{"learn":[18.59672179],"iteration":919,"passed_time":3.222620236,"remaining_time":0.2802278466},
{"learn":[18.59671686],"iteration":920,"passed_time":3.225568711,"remaining_time":0.2766774464},
{"learn":[18.59671561],"iteration":921,"passed_time":3.228771925,"remaining_time":0.2731499025},
{"learn":[18.57960154],"iteration":922,"passed_time":3.233902145,"remaining_time":0.2697838192},
{"learn":[18.57349934],"iteration":923,"passed_time":3.238840866,"remaining_time":0.2663981665},
{"learn":[18.57349863],"iteration":924,"passed_time":3.241704471,"remaining_time":0.262840903},
{"learn":[18.57349805],"iteration":925,"passed_time":3.244755722,"remaining_time":0.2593001333},
{"learn":[18.57349758],"iteration":926,"passed_time":3.247934424,"remaining_time":0.2557704563},
{"learn":[18.57349675],"iteration":927,"passed_time":3.251622762,"remaining_time":0.2522810764},
{"learn":[18.56741706],"iteration":928,"passed_time":3.256624019,"remaining_time":0.2488916096},
{"learn":[18.56741616],"iteration":929,"passed_time":3.259428405,"remaining_time":0.2453333208},
{"learn":[18.56741557],"iteration":930,"passed_time":3.262539515,"remaining_time":0.2417993841},
{"learn":[18.56741512],"iteration":931,"passed_time":3.265365651,"remaining_time":0.2382455625},
{"learn":[18.56192917],"iteration":932,"passed_time":3.270608706,"remaining_time":0.2348668631},
{"learn":[18.56192891],"iteration":933,"passed_time":3.27339788,"remaining_time":0.231310771},
{"learn":[18.55958559],"iteration":934,"passed_time":3.278567591,"remaining_time":0.2279218111},
{"learn":[18.5595853],"iteration":935,"passed_time":3.281447876,"remaining_time":0.2243725044},
{"learn":[18.54158043],"iteration":936,"passed_time":3.286169302,"remaining_time":0.2209484163},
{"learn":[18.53225369],"iteration":937,"passed_time":3.291528742,"remaining_time":0.2175637335},
{"learn":[18.53224773],"iteration":938,"passed_time":3.295598668,"remaining_time":0.2140910743},
{"learn":[18.50310471],"iteration":939,"passed_time":3.300533355,"remaining_time":0.2106723418},
{"learn":[18.50310409],"iteration":940,"passed_time":3.303377746,"remaining_time":0.2071193273},
{"learn":[18.50310358],"iteration":941,"passed_time":3.30609849,"remaining_time":0.2035602042},
{"learn":[18.49804053],"iteration":942,"passed_time":3.311533835,"remaining_time":0.2001669444},
{"learn":[18.49395703],"iteration":943,"passed_time":3.317397042,"remaining_time":0.1967947398},
{"learn":[18.48276195],"iteration":944,"passed_time":3.322249089,"remaining_time":0.1933584126},
{"learn":[18.48276119],"iteration":945,"passed_time":3.325574574,"remaining_time":0.1898319524},
{"learn":[18.48276058],"iteration":946,"passed_time":3.328236308,"remaining_time":0.1862687691},
{"learn":[18.48276007],"iteration":947,"passed_time":3.33110997,"remaining_time":0.1827191123},
{"learn":[18.48275966],"iteration":948,"passed_time":3.333542228,"remaining_time":0.1791471587},
{"learn":[18.47249441],"iteration":949,"passed_time":3.338829965,"remaining_time":0.1757278929},
{"learn":[18.46569125],"iteration":950,"passed_time":3.343901339,"remaining_time":0.1722935495},
{"learn":[18.45390351],"iteration":951,"passed_time":3.348995215,"remaining_time":0.1688569016},
{"learn":[18.45389576],"iteration":952,"passed_time":3.351893409,"remaining_time":0.1653084892},
{"learn":[18.45388917],"iteration":953,"passed_time":3.354683775,"remaining_time":0.1617562407},
{"learn":[18.45388068],"iteration":954,"passed_time":3.358397591,"remaining_time":0.1582491011},
{"learn":[18.4538763],"iteration":955,"passed_time":3.361161764,"remaining_time":0.1546978218},
{"learn":[18.45387274],"iteration":956,"passed_time":3.364215539,"remaining_time":0.1511611998},
{"learn":[18.45386984],"iteration":957,"passed_time":3.366913666,"remaining_time":0.1476099937},
{"learn":[18.45385468],"iteration":958,"passed_time":3.369733634,"remaining_time":0.1440657758},
{"learn":[18.45385224],"iteration":959,"passed_time":3.373353318,"remaining_time":0.1405563883},
{"learn":[18.44221895],"iteration":960,"passed_time":3.378173228,"remaining_time":0.1370954796},
{"learn":[18.43948099],"iteration":961,"passed_time":3.383048021,"remaining_time":0.1336339135},
{"learn":[18.4394768],"iteration":962,"passed_time":3.391118582,"remaining_time":0.1302921989},
{"learn":[18.4394734],"iteration":963,"passed_time":3.397074768,"remaining_time":0.1268617133},
{"learn":[18.43947293],"iteration":964,"passed_time":3.403367339,"remaining_time":0.1234381936},
{"learn":[18.43947255],"iteration":965,"passed_time":3.405950027,"remaining_time":0.1198781583},
{"learn":[18.43945115],"iteration":966,"passed_time":3.408612448,"remaining_time":0.1163228653},
{"learn":[18.42189998],"iteration":967,"passed_time":3.413427009,"remaining_time":0.1128405623},
{"learn":[18.42189943],"iteration":968,"passed_time":3.416090475,"remaining_time":0.1092866922},
{"learn":[18.42044897],"iteration":969,"passed_time":3.42125652,"remaining_time":0.1058120573},
{"learn":[18.42043195],"iteration":970,"passed_time":3.423998054,"remaining_time":0.1022615279},
{"learn":[18.41559252],"iteration":971,"passed_time":3.428835083,"remaining_time":0.09877302709},
{"learn":[18.41557891],"iteration":972,"passed_time":3.431591177,"remaining_time":0.09522401004},
{"learn":[18.40388564],"iteration":973,"passed_time":3.437098295,"remaining_time":0.09175005717},
{"learn":[18.40387301],"iteration":974,"passed_time":3.44015938,"remaining_time":0.08820921488},
{"learn":[18.4038683],"iteration":975,"passed_time":3.442718553,"remaining_time":0.08465701361},
{"learn":[18.40381931],"iteration":976,"passed_time":3.446408889,"remaining_time":0.08113347436},
{"learn":[18.40369785],"iteration":977,"passed_time":3.45245413,"remaining_time":0.07766256734},
{"learn":[18.39872988],"iteration":978,"passed_time":3.457330742,"remaining_time":0.07416133358},
{"learn":[18.39003701],"iteration":979,"passed_time":3.462069996,"remaining_time":0.07065448972},
{"learn":[18.3900248],"iteration":980,"passed_time":3.464911935,"remaining_time":0.06710838611},
{"learn":[18.39001491],"iteration":981,"passed_time":3.468575583,"remaining_time":0.06357877851},
{"learn":[18.39000688],"iteration":982,"passed_time":3.472827289,"remaining_time":0.06005906806},
{"learn":[18.38999985],"iteration":983,"passed_time":3.475773957,"remaining_time":0.05651664971},
{"learn":[18.38999293],"iteration":984,"passed_time":3.47852671,"remaining_time":0.05297248796},
{"learn":[18.38993418],"iteration":985,"passed_time":3.481664656,"remaining_time":0.04943540079},
{"learn":[18.38947986],"iteration":986,"passed_time":3.485136105,"remaining_time":0.04590351506},
{"learn":[18.38947382],"iteration":987,"passed_time":3.487922181,"remaining_time":0.0423634273},
{"learn":[18.36368188],"iteration":988,"passed_time":3.492799403,"remaining_time":0.03884812278},
{"learn":[18.35186294],"iteration":989,"passed_time":3.501624937,"remaining_time":0.03536994885},
{"learn":[18.35185941],"iteration":990,"passed_time":3.508422245,"remaining_time":0.03186256328},
{"learn":[18.33188557],"iteration":991,"passed_time":3.527366218,"remaining_time":0.02844650176},
{"learn":[18.33188449],"iteration":992,"passed_time":3.534655731,"remaining_time":0.02491700918},
{"learn":[18.3318796],"iteration":993,"passed_time":3.537518093,"remaining_time":0.02135322793},
{"learn":[18.33187561],"iteration":994,"passed_time":3.54774394,"remaining_time":0.01782785899},
{"learn":[18.33187492],"iteration":995,"passed_time":3.550567479,"remaining_time":0.01425930715},
{"learn":[18.32406001],"iteration":996,"passed_time":3.555056403,"remaining_time":0.01069726099},
{"learn":[18.32405959],"iteration":997,"passed_time":3.557518252,"remaining_time":0.007129295094},
{"learn":[18.32405924],"iteration":998,"passed_time":3.560417526,"remaining_time":0.003563981507},
{"learn":[18.32405665],"iteration":999,"passed_time":3.563275037,"remaining_time":0}
]}